<?xml version="1.0" encoding="UTF-8" standalone="yes"?>
<repository fileName="boarepository.xml">
	<biddingstrategies>
		<biddingstrategy description="2011 - BRAMAgent" classpath="negotiator.boaframework.offeringstrategy.anac2011.BRAMAgent_Offering"/>
		<biddingstrategy description="2010 - IAMHaggler2010" classpath="negotiator.boaframework.offeringstrategy.anac2010.IAMhaggler2010_Offering"/>
		<biddingstrategy description="2010 - Yushu" classpath="negotiator.boaframework.offeringstrategy.anac2010.Yushu_Offering"/>
		<biddingstrategy description="2011 - IAMHaggler2011" classpath="negotiator.boaframework.offeringstrategy.anac2011.IAMhaggler2011_Offering"/>
		<biddingstrategy description="2011 - Gahboninho" classpath="negotiator.boaframework.offeringstrategy.anac2011.Gahboninho_Offering"/>
		<biddingstrategy description="2011 - Nice-Tit-For-Tat" classpath="negotiator.boaframework.offeringstrategy.anac2011.NiceTitForTat_Offering"/>
		<biddingstrategy description="2011 - The Negotiator" classpath="negotiator.boaframework.offeringstrategy.anac2011.TheNegotiator_Offering"/>
		<biddingstrategy description="2010 - Agent Smith" classpath="negotiator.boaframework.offeringstrategy.anac2010.AgentSmith_Offering"/>
		<biddingstrategy description="2010 - Agent FSEGA" classpath="negotiator.boaframework.offeringstrategy.anac2010.AgentFSEGA_Offering"/>
		<biddingstrategy description="Other - Offer decreasing utility" classpath="negotiator.boaframework.offeringstrategy.other.ChoosingAllBids"/>
		<biddingstrategy description="2010 - Agent K" classpath="negotiator.boaframework.offeringstrategy.anac2010.AgentK_Offering"/>
		<biddingstrategy description="2010 - IAMcrazyHaggler" classpath="negotiator.boaframework.offeringstrategy.anac2010.IAMCrazyHaggler_Offering">
			<parameter name="b" default="0.9" description="Minimum utility"/>
		</biddingstrategy>
		<biddingstrategy description="2011 - HardHeaded" classpath="negotiator.boaframework.offeringstrategy.anac2011.HardHeaded_Offering"/>
		<biddingstrategy description="Other - IAH predictor" classpath="negotiator.boaframework.offeringstrategy.IAMHaggler_Test_Offering">
			<parameter name="r" default="36.0" description="Amount of regressions"/>
			<parameter name="s" default="100.0" description="Amount of time samples"/>
		</biddingstrategy>
		<biddingstrategy description="2010 - Nozomi" classpath="negotiator.boaframework.offeringstrategy.anac2010.Nozomi_Offering"/>
		<biddingstrategy description="2011 - Agent K2" classpath="negotiator.boaframework.offeringstrategy.anac2011.AgentK2_Offering"/>
		<biddingstrategy description="Other - Random walker" classpath="negotiator.boaframework.offeringstrategy.other.Random_Offering"/>
		<biddingstrategy description="Other - Better Time dependent" classpath="negotiator.boaframework.offeringstrategy.other.GeniusTimeDependent_Offering">
			<parameter name="e" default="1.0" description="Concession rate"/>
			<parameter name="k" default="0.0" description="Offset"/>
			<parameter name="min" default="0.0" description="Minimum utility"/>
			<parameter name="max" default="0.99" description="Maximum utility"/>
		</biddingstrategy>
		<biddingstrategy description="2011 - ValueModelAgent" classpath="negotiator.boaframework.offeringstrategy.anac2011.ValueModelAgent_Offering"/>
		<biddingstrategy description="Other - Time dependent" classpath="negotiator.boaframework.offeringstrategy.other.TimeDependent_Offering">
			<parameter name="e" default="1.0" description="Concession rate"/>
			<parameter name="k" default="0.0" description="Offset"/>
			<parameter name="min" default="0.0" description="Minimum utility"/>
			<parameter name="max" default="0.99" description="Maximum utility"/>
		</biddingstrategy>
	</biddingstrategies>
	<acceptanceconditions>
		<acceptancecondition description="2011 - BRAMAgent" classpath="negotiator.boaframework.acceptanceconditions.anac2011.AC_BRAMAgent"/>
		<acceptancecondition description="2010 - IAMHaggler2010" classpath="negotiator.boaframework.acceptanceconditions.anac2010.AC_IAMHaggler2010"/>
		<acceptancecondition description="2010 - Yushu" classpath="negotiator.boaframework.acceptanceconditions.anac2010.AC_Yushu"/>
		<acceptancecondition description="2011 - IAMHaggler2011" classpath="negotiator.boaframework.acceptanceconditions.anac2011.AC_IAMHaggler2011"/>
		<acceptancecondition description="2011 - Gahboninho" classpath="negotiator.boaframework.acceptanceconditions.anac2011.AC_Gahboninho"/>
		<acceptancecondition description="Other - CombiV4" classpath="negotiator.boaframework.acceptanceconditions.other.AC_CombiV4">
			<parameter name="a" default="1.0" description="Multiplier"/>
			<parameter name="b" default="0.0" description="Constant"/>
			<parameter name="c" default="1.0" description="Multiplier discount"/>
			<parameter name="d" default="0.0" description="Constant discount"/>
			<parameter name="e" default="0.8" description="Threshold discount"/>
		</acceptancecondition>
		<acceptancecondition description="Other - CombiV3" classpath="negotiator.boaframework.acceptanceconditions.other.AC_CombiV3">
			<parameter name="a" default="1.0" description="Multiplier"/>
			<parameter name="b" default="0.0" description="Constant"/>
			<parameter name="c" default="0.95" description="Threshold"/>
			<parameter name="t" default="0.99" description="Time"/>
		</acceptancecondition>
		<acceptancecondition description="Other - True" classpath="negotiator.boaframework.acceptanceconditions.other.AC_True"/>
		<acceptancecondition description="Other - CombiV2" classpath="negotiator.boaframework.acceptanceconditions.other.AC_CombiV2">
			<parameter name="a" default="1.0" description="Multiplier"/>
			<parameter name="b" default="0.0" description="Constant"/>
			<parameter name="c" default="0.8" description="Threshold discount"/>
			<parameter name="d" default="0.95" description="Threshold"/>
			<parameter name="t" default="0.99" description="Time"/>
		</acceptancecondition>
		<acceptancecondition description="2011 - Nice-Tit-For-Tat" classpath="negotiator.boaframework.acceptanceconditions.anac2011.AC_NiceTitForTat"/>
		<acceptancecondition description="2011 - The Negotiator" classpath="negotiator.boaframework.acceptanceconditions.anac2011.AC_TheNegotiator"/>
		<acceptancecondition description="Other - Next" classpath="negotiator.boaframework.acceptanceconditions.other.AC_Next">
			<parameter name="a" default="1.0" description="Accept when the opponent's utility * a + b is greater than the utility of our current bid"/>
			<parameter name="b" default="0.0" description="Accept when the opponent's utility * a + b is greater than the utility of our current bid"/>
		</acceptancecondition>
		<acceptancecondition description="Other - Time" classpath="negotiator.boaframework.acceptanceconditions.other.AC_Time">
			<parameter name="t" default="0.99" description="If time greater than t, then accept"/>
		</acceptancecondition>
		<acceptancecondition description="2010 - Agent Smith" classpath="negotiator.boaframework.acceptanceconditions.anac2010.AC_AgentSmith"/>
		<acceptancecondition description="2010 - Agent FSEGA" classpath="negotiator.boaframework.acceptanceconditions.anac2010.AC_AgentFSEGA"/>
		<acceptancecondition description="Other - False" classpath="negotiator.boaframework.acceptanceconditions.other.AC_False"/>
		<acceptancecondition description="2010 - Agent K" classpath="negotiator.boaframework.acceptanceconditions.anac2010.AC_AgentK"/>
		<acceptancecondition description="Multi Acceptance Criteria" classpath="negotiator.boaframework.acceptanceconditions.other.Multi_AcceptanceCondition"/>
		<acceptancecondition description="2010 - IAMcrazyHaggler" classpath="negotiator.boaframework.acceptanceconditions.anac2010.AC_IAMcrazyHaggler"/>
		<acceptancecondition description="2011 - HardHeaded" classpath="negotiator.boaframework.acceptanceconditions.anac2011.AC_HardHeaded"/>
		<acceptancecondition description="Other - CombiMaxInWindow" classpath="negotiator.boaframework.acceptanceconditions.other.AC_CombiMaxInWindow">
			<parameter name="t" default="0.98" description="Time t after which the agent may accept"/>
		</acceptancecondition>
		<acceptancecondition description="Other - Constant" classpath="negotiator.boaframework.acceptanceconditions.other.AC_Const">
			<parameter name="c" default="0.9" description="If utility of opponent's bid greater than c, then accept"/>
		</acceptancecondition>
		<acceptancecondition description="2010 - Nozomi" classpath="negotiator.boaframework.acceptanceconditions.anac2010.AC_Nozomi"/>
		<acceptancecondition description="2011 - Agent K2" classpath="negotiator.boaframework.acceptanceconditions.anac2011.AC_AgentK2"/>
		<acceptancecondition description="Other - Previous" classpath="negotiator.boaframework.acceptanceconditions.other.AC_Previous">
			<parameter name="a" default="1.0" description="Accept when the opponent's utility * a + b is greater than the utility of our previous bid"/>
			<parameter name="b" default="0.0" description="Accept when the opponent's utility * a + b is greater than the utility of our previous bid"/>
		</acceptancecondition>
		<acceptancecondition description="2011 - ValueModelAgent" classpath="negotiator.boaframework.acceptanceconditions.anac2011.AC_ValueModelAgent"/>
	</acceptanceconditions>
	<opponentmodels>
		<opponentmodel description="CUHKFrequencyModelV2" classpath="negotiator.boaframework.opponentmodel.CUHKFrequencyModelV2"/>
		<opponentmodel description="IAMhaggler Bayesian Model" classpath="negotiator.boaframework.opponentmodel.IAMhagglerBayesianModel">
			<parameter name="u" default="0.0" description="Use all bids (instead of only unique) if u > 0.0"/>
			<parameter name="b" default="1.0" description="Concession speed e of assumed opponent TDT function"/>
		</opponentmodel>
		<opponentmodel description="AgentLG Model" classpath="negotiator.boaframework.opponentmodel.AgentLGModel"/>
		<opponentmodel description="Perfect Model" classpath="negotiator.boaframework.opponentmodel.PerfectModel"/>
		<opponentmodel description="Bayesian Model" classpath="negotiator.boaframework.opponentmodel.BayesianModel">
			<parameter name="m" default="0.0" description="If higher than 0 the most probable hypothesis is only used"/>
		</opponentmodel>
		<opponentmodel description="No Model" classpath="negotiator.boaframework.opponentmodel.NoModel"/>
		<opponentmodel description="Smith Frequency Model V2" classpath="negotiator.boaframework.opponentmodel.SmithFrequencyModelV2"/>
		<opponentmodel description="Nash Frequency Model" classpath="negotiator.boaframework.opponentmodel.NashFrequencyModel"/>
		<opponentmodel description="Scalable Bayesian Model" classpath="negotiator.boaframework.opponentmodel.ScalableBayesianModel"/>
		<opponentmodel description="HardHeaded Frequency Model" classpath="negotiator.boaframework.opponentmodel.HardHeadedFrequencyModel">
			<parameter name="l" default="0.2" description="The learning coefficient determines how quickly the issue weights are learned"/>
		</opponentmodel>
	</opponentmodels>
	<omstrategy>
		<omstrategy description="Best bid" classpath="negotiator.boaframework.omstrategy.BestBid">
			<parameter name="t" default="1.1" description="Time after which the OM should not be updated"/>
		</omstrategy>
		<omstrategy description="Offer best n" classpath="negotiator.boaframework.omstrategy.OfferBestN">
			<parameter name="n" default="3.0" description="A random bid is selected from the best n bids"/>
			<parameter name="t" default="1.1" description="Time after which the OM should not be updated"/>
		</omstrategy>
	</omstrategy>
</repository>