<?xml version="1.0" encoding="UTF-8" standalone="yes"?>
<repository fileName="domainrepository.xml">
    <items>
        <agentRepItems/>
        <domainRepItem>
            <domainRepItem url="file:etc/templates/laptopdomain/laptop_domain.xml">
                <profile url="file:etc/templates/laptopdomain/laptop_seller_utility.xml"/>
                <profile url="file:etc/templates/laptopdomain/laptop_buyer_utility.xml"/>
            </domainRepItem>
            <domainRepItem url="file:etc/templates/partydomain/party_domain.xml">
                <profile url="file:etc/templates/partydomain/party_utility_kh.xml"/>
                <profile url="file:etc/templates/partydomain/party_utility_cath.xml"/>
                <profile url="file:etc/templates/partydomain/party_bartluijten_utility.xml"/>
            </domainRepItem>
            <domainRepItem url="file:etc/templates/SON/son_domain.xml">
                <profile url="file:etc/templates/SON/son_buyer.xml"/>
                <profile url="file:etc/templates/SON/son_seller.xml"/>
            </domainRepItem>
            <domainRepItem url="file:etc/templates/SON_with_discount/son_domain_with_discount_factor.xml">
                <profile url="file:etc/templates/SON_with_discount/son_buyer.xml"/>
                <profile url="file:etc/templates/SON_with_discount/son_seller.xml"/>
            </domainRepItem>
            <domainRepItem url="file:etc/templates/thompson/thompson_employment.xml">
                <profile url="file:etc/templates/thompson/thompson_employer_utilityspace.xml"/>
                <profile url="file:etc/templates/thompson/thompson_employee_utilityspace.xml"/>
            </domainRepItem>
            <domainRepItem url="file:etc/templates/2nd_hand_car/car_domain.xml">
                <profile url="file:etc/templates/2nd_hand_car/car_buyer.xml"/>
                <profile url="file:etc/templates/2nd_hand_car/car_dealer.xml"/>
            </domainRepItem>
            
            <domainRepItem url="file:etc/templates/travel/travel_domain.xml">
                <profile url="file:etc/templates/travel/travel_fanny.xml"/>
                <profile url="file:etc/templates/travel/travel_chox.xml"/>
            </domainRepItem>
            <domainRepItem url="file:etc/templates/EnglandZimbabwe/EnglandZimbabwe_domain.xml">
                <profile url="file:etc/templates/EnglandZimbabwe/England.xml"/>
                <profile url="file:etc/templates/EnglandZimbabwe/Zimbabwe.xml"/>
            </domainRepItem>
            <domainRepItem url="file:etc/templates/ItexvsCypress/ItexvsCypress_domain.xml">
                <profile url="file:etc/templates/ItexvsCypress/ItexvsCypress_Cypress.xml"/>
                <profile url="file:etc/templates/ItexvsCypress/ItexvsCypress_Itex.xml"/>
            </domainRepItem>
            <domainRepItem url="file:etc/templates/ItexvsCypress_discount/ItexvsCypress_domain_discount.xml">
                <profile url="file:etc/templates/ItexvsCypress_discount/ItexvsCypress_Cypress_discount.xml"/>
                <profile url="file:etc/templates/ItexvsCypress_discount/ItexvsCypress_Itex_discount.xml"/>
            </domainRepItem>
        </domainRepItem>
        <protocolRepItem/>
    </items>
    <filename>domainrepository.xml</filename>
</repository>
