<?xml version="1.0" encoding="UTF-8" standalone="no"?>
<repository fileName="domainrepository.xml">
    <items>
        <agentRepItems/>
        <partyRepItems/>
        <domainRepItem>
        
        	<domainRepItem url="file:etc/templates/nonlinear/simple/domain.xml">
        		<profile url="file:etc/templates/nonlinear/simple/agent-1.xml"/>
        		<profile url="file:etc/templates/nonlinear/simple/agent-2.xml"/>
        	</domainRepItem>
                
        	<domainRepItem url="file:etc/templates/nonlinear/S-1NIKFRT-1/domain.xml">
        		<profile url="file:etc/templates/nonlinear/S-1NIKFRT-1/agent-1.xml"/>
        		<profile url="file:etc/templates/nonlinear/S-1NIKFRT-1/agent-2.xml"/>
        	</domainRepItem>
        
      		<domainRepItem url="file:etc/templates/nonlinear/S-1NIKFRT-2/domain.xml">
        		<profile url="file:etc/templates/nonlinear/S-1NIKFRT-2/agent-1.xml"/>
        		<profile url="file:etc/templates/nonlinear/S-1NIKFRT-2/agent-2.xml"/>
        	</domainRepItem>
        
      		<domainRepItem url="file:etc/templates/nonlinear/S-1NIKFRT-3/domain.xml">
        		<profile url="file:etc/templates/nonlinear/S-1NIKFRT-3/agent-1.xml"/>
        		<profile url="file:etc/templates/nonlinear/S-1NIKFRT-3/agent-2.xml"/>
        	</domainRepItem>
        	
            <domainRepItem url="file:etc/templates/anac/y2010/EnglandZimbabwe/EnglandZimbabwe_domain.xml">
                <profile url="file:etc/templates/anac/y2010/EnglandZimbabwe/England.xml"/>
                <profile url="file:etc/templates/anac/y2010/EnglandZimbabwe/Zimbabwe.xml"/>
            </domainRepItem>
            <domainRepItem url="file:etc/templates/anac/y2010/ItexvsCypress/ItexvsCypress_domain.xml">
                <profile url="file:etc/templates/anac/y2010/ItexvsCypress/ItexvsCypress_Cypress.xml"/>
                <profile url="file:etc/templates/anac/y2010/ItexvsCypress/ItexvsCypress_Itex.xml"/>
            </domainRepItem>
            <domainRepItem url="file:etc/templates/anac/y2010/Travel/travel_domain.xml">
                <profile url="file:etc/templates/anac/y2010/Travel/travel_chox.xml"/>
                <profile url="file:etc/templates/anac/y2010/Travel/travel_fanny.xml"/>
            </domainRepItem>
            <domainRepItem url="file:etc/templates/anac/y2011/Car/adg.xml">
                <profile url="file:etc/templates/anac/y2011/Car/adg_deal.xml"/>
                <profile url="file:etc/templates/anac/y2011/Car/adg_deal2.xml"/>
            </domainRepItem>
            <domainRepItem url="file:etc/templates/anac/y2011/Amsterdam/Amsterdam_domain.xml">
                <profile url="file:etc/templates/anac/y2011/Amsterdam/Amsterdam_party1.xml"/>
                <profile url="file:etc/templates/anac/y2011/Amsterdam/Amsterdam_party2.xml"/>
            </domainRepItem>
            <domainRepItem url="file:etc/templates/anac/y2011/Camera/camera_domain.xml">
                <profile url="file:etc/templates/anac/y2011/Camera/camera_seller_utility.xml"/>
                <profile url="file:etc/templates/anac/y2011/Camera/camera_buyer_utility.xml"/>
            </domainRepItem>
            <domainRepItem url="file:etc/templates/anac/y2011/NiceOrDie/NiceOrDie.xml">
                <profile url="file:etc/templates/anac/y2011/NiceOrDie/NiceOrDie1.xml"/>
                <profile url="file:etc/templates/anac/y2011/NiceOrDie/NiceOrDie2.xml"/>
            </domainRepItem>
            <domainRepItem url="file:etc/templates/anac/y2011/Energy/energy_domain.xml">
                <profile url="file:etc/templates/anac/y2011/Energy/energy_consumer.xml"/>
                <profile url="file:etc/templates/anac/y2011/Energy/energy_distributor.xml"/>
            </domainRepItem>
            <domainRepItem url="file:etc/templates/anac/y2011/Grocery/Grocery_domain.xml">
                <profile url="file:etc/templates/anac/y2011/Grocery/Grocery_domain_sam.xml"/>
                <profile url="file:etc/templates/anac/y2011/Grocery/Grocery_domain_mary.xml"/>
            </domainRepItem>
            <domainRepItem url="file:etc/templates/anac/y2011/IS_BT_Acquisition/IS_BT_Acquisition.xml">
                <profile url="file:etc/templates/anac/y2011/IS_BT_Acquisition/IS_BT_Acquisition_IS_prof.xml"/>
                <profile url="file:etc/templates/anac/y2011/IS_BT_Acquisition/IS_BT_Acquisition_BT_prof.xml"/>
            </domainRepItem>
            <domainRepItem url="file:etc/templates/anac/y2011/Laptop/laptop_domain.xml">
                <profile url="file:etc/templates/anac/y2011/Laptop/laptop_buyer_utility.xml"/>
                <profile url="file:etc/templates/anac/y2011/Laptop/laptop_seller_utility.xml"/>
            </domainRepItem>
            <domainRepItem url="file:etc/templates/anac/y2012/Acquisition/Acquisition-A-domain.xml">
                <profile url="file:etc/templates/anac/y2012/Acquisition/Acquisition-A-prof1.xml"/>
                <profile url="file:etc/templates/anac/y2012/Acquisition/Acquisition-A-prof2.xml"/>
            </domainRepItem>
            <domainRepItem url="file:etc/templates/anac/y2012/Acquisition/Acquisition-B-domain.xml">
                <profile url="file:etc/templates/anac/y2012/Acquisition/Acquisition-B-prof1.xml"/>
                <profile url="file:etc/templates/anac/y2012/Acquisition/Acquisition-B-prof2.xml"/>
            </domainRepItem>
            <domainRepItem url="file:etc/templates/anac/y2012/Acquisition/Acquisition-C-domain.xml">
                <profile url="file:etc/templates/anac/y2012/Acquisition/Acquisition-C-prof1.xml"/>
                <profile url="file:etc/templates/anac/y2012/Acquisition/Acquisition-C-prof2.xml"/>
            </domainRepItem>
            <domainRepItem url="file:etc/templates/anac/y2012/AirportSiteSelection/AirportSiteSelection-A-domain.xml">
                <profile url="file:etc/templates/anac/y2012/AirportSiteSelection/AirportSiteSelection-A-prof1.xml"/>
                <profile url="file:etc/templates/anac/y2012/AirportSiteSelection/AirportSiteSelection-A-prof2.xml"/>
            </domainRepItem>
            <domainRepItem url="file:etc/templates/anac/y2012/AirportSiteSelection/AirportSiteSelection-B-domain.xml">
                <profile url="file:etc/templates/anac/y2012/AirportSiteSelection/AirportSiteSelection-B-prof1.xml"/>
                <profile url="file:etc/templates/anac/y2012/AirportSiteSelection/AirportSiteSelection-B-prof2.xml"/>
            </domainRepItem>
            <domainRepItem url="file:etc/templates/anac/y2012/AirportSiteSelection/AirportSiteSelection-C-domain.xml">
                <profile url="file:etc/templates/anac/y2012/AirportSiteSelection/AirportSiteSelection-C-prof1.xml"/>
                <profile url="file:etc/templates/anac/y2012/AirportSiteSelection/AirportSiteSelection-C-prof2.xml"/>
            </domainRepItem>
            <domainRepItem url="file:etc/templates/anac/y2012/Amsterdam/Amsterdam-A-domain.xml">
                <profile url="file:etc/templates/anac/y2012/Amsterdam/Amsterdam-A-prof1.xml"/>
                <profile url="file:etc/templates/anac/y2012/Amsterdam/Amsterdam-A-prof2.xml"/>
            </domainRepItem>
            <domainRepItem url="file:etc/templates/anac/y2012/Amsterdam/Amsterdam-B-domain.xml">
                <profile url="file:etc/templates/anac/y2012/Amsterdam/Amsterdam-B-prof1.xml"/>
                <profile url="file:etc/templates/anac/y2012/Amsterdam/Amsterdam-B-prof2.xml"/>
            </domainRepItem>
            <domainRepItem url="file:etc/templates/anac/y2012/Amsterdam/Amsterdam-C-domain.xml">
                <profile url="file:etc/templates/anac/y2012/Amsterdam/Amsterdam-C-prof1.xml"/>
                <profile url="file:etc/templates/anac/y2012/Amsterdam/Amsterdam-C-prof2.xml"/>
            </domainRepItem>
            <domainRepItem url="file:etc/templates/anac/y2012/Barbecue/Barbecue-A-domain.xml">
                <profile url="file:etc/templates/anac/y2012/Barbecue/Barbecue-A-prof1.xml"/>
                <profile url="file:etc/templates/anac/y2012/Barbecue/Barbecue-A-prof2.xml"/>
            </domainRepItem>
            <domainRepItem url="file:etc/templates/anac/y2012/Barbecue/Barbecue-B-domain.xml">
                <profile url="file:etc/templates/anac/y2012/Barbecue/Barbecue-B-prof1.xml"/>
                <profile url="file:etc/templates/anac/y2012/Barbecue/Barbecue-B-prof2.xml"/>
            </domainRepItem>
            <domainRepItem url="file:etc/templates/anac/y2012/Barbecue/Barbecue-C-domain.xml">
                <profile url="file:etc/templates/anac/y2012/Barbecue/Barbecue-C-prof1.xml"/>
                <profile url="file:etc/templates/anac/y2012/Barbecue/Barbecue-C-prof2.xml"/>
            </domainRepItem>
            <domainRepItem url="file:etc/templates/anac/y2012/Barter/Barter-A-domain.xml">
                <profile url="file:etc/templates/anac/y2012/Barter/Barter-A-prof1.xml"/>
                <profile url="file:etc/templates/anac/y2012/Barter/Barter-A-prof2.xml"/>
            </domainRepItem>
            <domainRepItem url="file:etc/templates/anac/y2012/Barter/Barter-B-domain.xml">
                <profile url="file:etc/templates/anac/y2012/Barter/Barter-B-prof1.xml"/>
                <profile url="file:etc/templates/anac/y2012/Barter/Barter-B-prof2.xml"/>
            </domainRepItem>
            <domainRepItem url="file:etc/templates/anac/y2012/Barter/Barter-C-domain.xml">
                <profile url="file:etc/templates/anac/y2012/Barter/Barter-C-prof1.xml"/>
                <profile url="file:etc/templates/anac/y2012/Barter/Barter-C-prof2.xml"/>
            </domainRepItem>
            <domainRepItem url="file:etc/templates/anac/y2012/Camera/Camera-A-domain.xml">
                <profile url="file:etc/templates/anac/y2012/Camera/Camera-A-prof1.xml"/>
                <profile url="file:etc/templates/anac/y2012/Camera/Camera-A-prof2.xml"/>
            </domainRepItem>
            <domainRepItem url="file:etc/templates/anac/y2012/Camera/Camera-B-domain.xml">
                <profile url="file:etc/templates/anac/y2012/Camera/Camera-B-prof1.xml"/>
                <profile url="file:etc/templates/anac/y2012/Camera/Camera-B-prof2.xml"/>
            </domainRepItem>
            <domainRepItem url="file:etc/templates/anac/y2012/Camera/Camera-C-domain.xml">
                <profile url="file:etc/templates/anac/y2012/Camera/Camera-C-prof1.xml"/>
                <profile url="file:etc/templates/anac/y2012/Camera/Camera-C-prof2.xml"/>
            </domainRepItem>
            <domainRepItem url="file:etc/templates/anac/y2012/Car/Car-A-domain.xml">
                <profile url="file:etc/templates/anac/y2012/Car/Car-A-prof1.xml"/>
                <profile url="file:etc/templates/anac/y2012/Car/Car-A-prof2.xml"/>
            </domainRepItem>
            <domainRepItem url="file:etc/templates/anac/y2012/Car/Car-B-domain.xml">
                <profile url="file:etc/templates/anac/y2012/Car/Car-B-prof1.xml"/>
                <profile url="file:etc/templates/anac/y2012/Car/Car-B-prof2.xml"/>
            </domainRepItem>
            <domainRepItem url="file:etc/templates/anac/y2012/Car/Car-C-domain.xml">
                <profile url="file:etc/templates/anac/y2012/Car/Car-C-prof1.xml"/>
                <profile url="file:etc/templates/anac/y2012/Car/Car-C-prof2.xml"/>
            </domainRepItem>
            <domainRepItem url="file:etc/templates/anac/y2012/Energy/Energy-A-domain.xml">
                <profile url="file:etc/templates/anac/y2012/Energy/Energy-A-prof1.xml"/>
                <profile url="file:etc/templates/anac/y2012/Energy/Energy-A-prof2.xml"/>
            </domainRepItem>
            <domainRepItem url="file:etc/templates/anac/y2012/Energy/Energy-B-domain.xml">
                <profile url="file:etc/templates/anac/y2012/Energy/Energy-B-prof1.xml"/>
                <profile url="file:etc/templates/anac/y2012/Energy/Energy-B-prof2.xml"/>
            </domainRepItem>
            <domainRepItem url="file:etc/templates/anac/y2012/Energy/Energy-C-domain.xml">
                <profile url="file:etc/templates/anac/y2012/Energy/Energy-C-prof1.xml"/>
                <profile url="file:etc/templates/anac/y2012/Energy/Energy-C-prof2.xml"/>
            </domainRepItem>
            <domainRepItem url="file:etc/templates/anac/y2012/EnergySmall/EnergySmall-A-domain.xml">
                <profile url="file:etc/templates/anac/y2012/EnergySmall/EnergySmall-A-prof1.xml"/>
                <profile url="file:etc/templates/anac/y2012/EnergySmall/EnergySmall-A-prof2.xml"/>
            </domainRepItem>
            <domainRepItem url="file:etc/templates/anac/y2012/EnergySmall/EnergySmall-B-domain.xml">
                <profile url="file:etc/templates/anac/y2012/EnergySmall/EnergySmall-B-prof1.xml"/>
                <profile url="file:etc/templates/anac/y2012/EnergySmall/EnergySmall-B-prof2.xml"/>
            </domainRepItem>
            <domainRepItem url="file:etc/templates/anac/y2012/EnergySmall/EnergySmall-C-domain.xml">
                <profile url="file:etc/templates/anac/y2012/EnergySmall/EnergySmall-C-prof1.xml"/>
                <profile url="file:etc/templates/anac/y2012/EnergySmall/EnergySmall-C-prof2.xml"/>
            </domainRepItem>
            <domainRepItem url="file:etc/templates/anac/y2012/EnglandvsZimbabwe/EnglandvsZimbabwe-A-domain.xml">
                <profile url="file:etc/templates/anac/y2012/EnglandvsZimbabwe/EnglandvsZimbabwe-A-prof1.xml"/>
                <profile url="file:etc/templates/anac/y2012/EnglandvsZimbabwe/EnglandvsZimbabwe-A-prof2.xml"/>
            </domainRepItem>
            <domainRepItem url="file:etc/templates/anac/y2012/EnglandvsZimbabwe/EnglandvsZimbabwe-B-domain.xml">
                <profile url="file:etc/templates/anac/y2012/EnglandvsZimbabwe/EnglandvsZimbabwe-B-prof1.xml"/>
                <profile url="file:etc/templates/anac/y2012/EnglandvsZimbabwe/EnglandvsZimbabwe-B-prof2.xml"/>
            </domainRepItem>
            <domainRepItem url="file:etc/templates/anac/y2012/EnglandvsZimbabwe/EnglandvsZimbabwe-C-domain.xml">
                <profile url="file:etc/templates/anac/y2012/EnglandvsZimbabwe/EnglandvsZimbabwe-C-prof1.xml"/>
                <profile url="file:etc/templates/anac/y2012/EnglandvsZimbabwe/EnglandvsZimbabwe-C-prof2.xml"/>
            </domainRepItem>
			<domainRepItem url="file:etc/templates/anac/y2012/Fitness/Fitness-A-domain.xml">
                <profile url="file:etc/templates/anac/y2012/Fitness/Fitness-A-prof1.xml"/>
                <profile url="file:etc/templates/anac/y2012/Fitness/Fitness-A-prof2.xml"/>
            </domainRepItem>
			<domainRepItem url="file:etc/templates/anac/y2012/Fitness/Fitness-B-domain.xml">
                <profile url="file:etc/templates/anac/y2012/Fitness/Fitness-B-prof1.xml"/>
                <profile url="file:etc/templates/anac/y2012/Fitness/Fitness-B-prof2.xml"/>
            </domainRepItem>
						<domainRepItem url="file:etc/templates/anac/y2012/Fitness/Fitness-C-domain.xml">
                <profile url="file:etc/templates/anac/y2012/Fitness/Fitness-C-prof1.xml"/>
                <profile url="file:etc/templates/anac/y2012/Fitness/Fitness-C-prof2.xml"/>
            </domainRepItem>
            <domainRepItem url="file:etc/templates/anac/y2012/FiftyFifty/FiftyFifty-A-domain.xml">
                <profile url="file:etc/templates/anac/y2012/FiftyFifty/FiftyFifty-A-prof1.xml"/>
                <profile url="file:etc/templates/anac/y2012/FiftyFifty/FiftyFifty-A-prof2.xml"/>
            </domainRepItem>
            <domainRepItem url="file:etc/templates/anac/y2012/FiftyFifty/FiftyFifty-B-domain.xml">
                <profile url="file:etc/templates/anac/y2012/FiftyFifty/FiftyFifty-B-prof1.xml"/>
                <profile url="file:etc/templates/anac/y2012/FiftyFifty/FiftyFifty-B-prof2.xml"/>
            </domainRepItem>
            <domainRepItem url="file:etc/templates/anac/y2012/FiftyFifty/FiftyFifty-C-domain.xml">
                <profile url="file:etc/templates/anac/y2012/FiftyFifty/FiftyFifty-C-prof1.xml"/>
                <profile url="file:etc/templates/anac/y2012/FiftyFifty/FiftyFifty-C-prof2.xml"/>
            </domainRepItem>
            <domainRepItem url="file:etc/templates/anac/y2012/FlightBooking/FlightBooking-A-domain.xml">
                <profile url="file:etc/templates/anac/y2012/FlightBooking/FlightBooking-A-prof1.xml"/>
                <profile url="file:etc/templates/anac/y2012/FlightBooking/FlightBooking-A-prof2.xml"/>
            </domainRepItem>
            <domainRepItem url="file:etc/templates/anac/y2012/FlightBooking/FlightBooking-B-domain.xml">
                <profile url="file:etc/templates/anac/y2012/FlightBooking/FlightBooking-B-prof1.xml"/>
                <profile url="file:etc/templates/anac/y2012/FlightBooking/FlightBooking-B-prof2.xml"/>
            </domainRepItem>
            <domainRepItem url="file:etc/templates/anac/y2012/FlightBooking/FlightBooking-C-domain.xml">
                <profile url="file:etc/templates/anac/y2012/FlightBooking/FlightBooking-C-prof1.xml"/>
                <profile url="file:etc/templates/anac/y2012/FlightBooking/FlightBooking-C-prof2.xml"/>
            </domainRepItem>
            <domainRepItem url="file:etc/templates/anac/y2012/Grocery/Grocery-A-domain.xml">
                <profile url="file:etc/templates/anac/y2012/Grocery/Grocery-A-prof1.xml"/>
                <profile url="file:etc/templates/anac/y2012/Grocery/Grocery-A-prof2.xml"/>
            </domainRepItem>
            <domainRepItem url="file:etc/templates/anac/y2012/Grocery/Grocery-B-domain.xml">
                <profile url="file:etc/templates/anac/y2012/Grocery/Grocery-B-prof1.xml"/>
                <profile url="file:etc/templates/anac/y2012/Grocery/Grocery-B-prof2.xml"/>
            </domainRepItem>
            <domainRepItem url="file:etc/templates/anac/y2012/Grocery/Grocery-C-domain.xml">
                <profile url="file:etc/templates/anac/y2012/Grocery/Grocery-C-prof1.xml"/>
                <profile url="file:etc/templates/anac/y2012/Grocery/Grocery-C-prof2.xml"/>
            </domainRepItem>
            <domainRepItem url="file:etc/templates/anac/y2012/HouseKeeping/HouseKeeping-A-domain.xml">
                <profile url="file:etc/templates/anac/y2012/HouseKeeping/HouseKeeping-A-prof1.xml"/>
                <profile url="file:etc/templates/anac/y2012/HouseKeeping/HouseKeeping-A-prof2.xml"/>
            </domainRepItem>
            <domainRepItem url="file:etc/templates/anac/y2012/HouseKeeping/HouseKeeping-B-domain.xml">
                <profile url="file:etc/templates/anac/y2012/HouseKeeping/HouseKeeping-B-prof1.xml"/>
                <profile url="file:etc/templates/anac/y2012/HouseKeeping/HouseKeeping-B-prof2.xml"/>
            </domainRepItem>
            <domainRepItem url="file:etc/templates/anac/y2012/HouseKeeping/HouseKeeping-C-domain.xml">
                <profile url="file:etc/templates/anac/y2012/HouseKeeping/HouseKeeping-C-prof1.xml"/>
                <profile url="file:etc/templates/anac/y2012/HouseKeeping/HouseKeeping-C-prof2.xml"/>
            </domainRepItem>
            <domainRepItem url="file:etc/templates/anac/y2012/ItexvsCypress/ItexvsCypress-A-domain.xml">
                <profile url="file:etc/templates/anac/y2012/ItexvsCypress/ItexvsCypress-A-prof1.xml"/>
                <profile url="file:etc/templates/anac/y2012/ItexvsCypress/ItexvsCypress-A-prof2.xml"/>
            </domainRepItem>
            <domainRepItem url="file:etc/templates/anac/y2012/ItexvsCypress/ItexvsCypress-B-domain.xml">
                <profile url="file:etc/templates/anac/y2012/ItexvsCypress/ItexvsCypress-B-prof1.xml"/>
                <profile url="file:etc/templates/anac/y2012/ItexvsCypress/ItexvsCypress-B-prof2.xml"/>
            </domainRepItem>
            <domainRepItem url="file:etc/templates/anac/y2012/ItexvsCypress/ItexvsCypress-C-domain.xml">
                <profile url="file:etc/templates/anac/y2012/ItexvsCypress/ItexvsCypress-C-prof1.xml"/>
                <profile url="file:etc/templates/anac/y2012/ItexvsCypress/ItexvsCypress-C-prof2.xml"/>
            </domainRepItem>
            <domainRepItem url="file:etc/templates/anac/y2012/Laptop/Laptop-A-domain.xml">
                <profile url="file:etc/templates/anac/y2012/Laptop/Laptop-A-prof1.xml"/>
                <profile url="file:etc/templates/anac/y2012/Laptop/Laptop-A-prof2.xml"/>
            </domainRepItem>
            <domainRepItem url="file:etc/templates/anac/y2012/Laptop/Laptop-B-domain.xml">
                <profile url="file:etc/templates/anac/y2012/Laptop/Laptop-B-prof1.xml"/>
                <profile url="file:etc/templates/anac/y2012/Laptop/Laptop-B-prof2.xml"/>
            </domainRepItem>
            <domainRepItem url="file:etc/templates/anac/y2012/Laptop/Laptop-C-domain.xml">
                <profile url="file:etc/templates/anac/y2012/Laptop/Laptop-C-prof1.xml"/>
                <profile url="file:etc/templates/anac/y2012/Laptop/Laptop-C-prof2.xml"/>
            </domainRepItem>
            <domainRepItem url="file:etc/templates/anac/y2012/MusicCollection/MusicCollection-A-domain.xml">
                <profile url="file:etc/templates/anac/y2012/MusicCollection/MusicCollection-A-prof1.xml"/>
                <profile url="file:etc/templates/anac/y2012/MusicCollection/MusicCollection-A-prof2.xml"/>
            </domainRepItem>
            <domainRepItem url="file:etc/templates/anac/y2012/MusicCollection/MusicCollection-B-domain.xml">
                <profile url="file:etc/templates/anac/y2012/MusicCollection/MusicCollection-B-prof1.xml"/>
                <profile url="file:etc/templates/anac/y2012/MusicCollection/MusicCollection-B-prof2.xml"/>
            </domainRepItem>
            <domainRepItem url="file:etc/templates/anac/y2012/MusicCollection/MusicCollection-C-domain.xml">
                <profile url="file:etc/templates/anac/y2012/MusicCollection/MusicCollection-C-prof1.xml"/>
                <profile url="file:etc/templates/anac/y2012/MusicCollection/MusicCollection-C-prof2.xml"/>
            </domainRepItem>
            <domainRepItem url="file:etc/templates/anac/y2012/NiceOrDie/NiceOrDie-A-domain.xml">
                <profile url="file:etc/templates/anac/y2012/NiceOrDie/NiceOrDie-A-prof1.xml"/>
                <profile url="file:etc/templates/anac/y2012/NiceOrDie/NiceOrDie-A-prof2.xml"/>
            </domainRepItem>
            <domainRepItem url="file:etc/templates/anac/y2012/NiceOrDie/NiceOrDie-B-domain.xml">
                <profile url="file:etc/templates/anac/y2012/NiceOrDie/NiceOrDie-B-prof1.xml"/>
                <profile url="file:etc/templates/anac/y2012/NiceOrDie/NiceOrDie-B-prof2.xml"/>
            </domainRepItem>
            <domainRepItem url="file:etc/templates/anac/y2012/NiceOrDie/NiceOrDie-C-domain.xml">
                <profile url="file:etc/templates/anac/y2012/NiceOrDie/NiceOrDie-C-prof1.xml"/>
                <profile url="file:etc/templates/anac/y2012/NiceOrDie/NiceOrDie-C-prof2.xml"/>
            </domainRepItem>
            <domainRepItem url="file:etc/templates/anac/y2012/Outfit/Outfit-A-domain.xml">
                <profile url="file:etc/templates/anac/y2012/Outfit/Outfit-A-prof1.xml"/>
                <profile url="file:etc/templates/anac/y2012/Outfit/Outfit-A-prof2.xml"/>
            </domainRepItem>
            <domainRepItem url="file:etc/templates/anac/y2012/Outfit/Outfit-B-domain.xml">
                <profile url="file:etc/templates/anac/y2012/Outfit/Outfit-B-prof1.xml"/>
                <profile url="file:etc/templates/anac/y2012/Outfit/Outfit-B-prof2.xml"/>
            </domainRepItem>
            <domainRepItem url="file:etc/templates/anac/y2012/Outfit/Outfit-C-domain.xml">
                <profile url="file:etc/templates/anac/y2012/Outfit/Outfit-C-prof1.xml"/>
                <profile url="file:etc/templates/anac/y2012/Outfit/Outfit-C-prof2.xml"/>
            </domainRepItem>
            <domainRepItem url="file:etc/templates/anac/y2012/Phone/Phone-A-domain.xml">
                <profile url="file:etc/templates/anac/y2012/Phone/Phone-A-prof1.xml"/>
                <profile url="file:etc/templates/anac/y2012/Phone/Phone-A-prof2.xml"/>
            </domainRepItem>
            <domainRepItem url="file:etc/templates/anac/y2012/Phone/Phone-B-domain.xml">
                <profile url="file:etc/templates/anac/y2012/Phone/Phone-B-prof1.xml"/>
                <profile url="file:etc/templates/anac/y2012/Phone/Phone-B-prof2.xml"/>
            </domainRepItem>
            <domainRepItem url="file:etc/templates/anac/y2012/Phone/Phone-C-domain.xml">
                <profile url="file:etc/templates/anac/y2012/Phone/Phone-C-prof1.xml"/>
                <profile url="file:etc/templates/anac/y2012/Phone/Phone-C-prof2.xml"/>
            </domainRepItem>
            <domainRepItem url="file:etc/templates/anac/y2012/RentalHouse/RentalHouse-A-domain.xml">
                <profile url="file:etc/templates/anac/y2012/RentalHouse/RentalHouse-A-prof1.xml"/>
                <profile url="file:etc/templates/anac/y2012/RentalHouse/RentalHouse-A-prof2.xml"/>
            </domainRepItem>
            <domainRepItem url="file:etc/templates/anac/y2012/RentalHouse/RentalHouse-B-domain.xml">
                <profile url="file:etc/templates/anac/y2012/RentalHouse/RentalHouse-B-prof1.xml"/>
                <profile url="file:etc/templates/anac/y2012/RentalHouse/RentalHouse-B-prof2.xml"/>
            </domainRepItem>
            <domainRepItem url="file:etc/templates/anac/y2012/RentalHouse/RentalHouse-C-domain.xml">
                <profile url="file:etc/templates/anac/y2012/RentalHouse/RentalHouse-C-prof1.xml"/>
                <profile url="file:etc/templates/anac/y2012/RentalHouse/RentalHouse-C-prof2.xml"/>
            </domainRepItem>
            <domainRepItem url="file:etc/templates/anac/y2012/Supermarket/Supermarket-A-domain.xml">
                <profile url="file:etc/templates/anac/y2012/Supermarket/Supermarket-A-prof1.xml"/>
                <profile url="file:etc/templates/anac/y2012/Supermarket/Supermarket-A-prof2.xml"/>
            </domainRepItem>
            <domainRepItem url="file:etc/templates/anac/y2012/Supermarket/Supermarket-B-domain.xml">
                <profile url="file:etc/templates/anac/y2012/Supermarket/Supermarket-B-prof1.xml"/>
                <profile url="file:etc/templates/anac/y2012/Supermarket/Supermarket-B-prof2.xml"/>
            </domainRepItem>
            <domainRepItem url="file:etc/templates/anac/y2012/Supermarket/Supermarket-C-domain.xml">
                <profile url="file:etc/templates/anac/y2012/Supermarket/Supermarket-C-prof1.xml"/>
                <profile url="file:etc/templates/anac/y2012/Supermarket/Supermarket-C-prof2.xml"/>
            </domainRepItem>
            <domainRepItem url="file:etc/templates/anac/y2012/Travel/Travel-A-domain.xml">
                <profile url="file:etc/templates/anac/y2012/Travel/Travel-A-prof1.xml"/>
                <profile url="file:etc/templates/anac/y2012/Travel/Travel-A-prof2.xml"/>
            </domainRepItem>
            <domainRepItem url="file:etc/templates/anac/y2012/Travel/Travel-B-domain.xml">
                <profile url="file:etc/templates/anac/y2012/Travel/Travel-B-prof1.xml"/>
                <profile url="file:etc/templates/anac/y2012/Travel/Travel-B-prof2.xml"/>
            </domainRepItem>
            <domainRepItem url="file:etc/templates/anac/y2012/Travel/Travel-C-domain.xml">
                <profile url="file:etc/templates/anac/y2012/Travel/Travel-C-prof1.xml"/>
                <profile url="file:etc/templates/anac/y2012/Travel/Travel-C-prof2.xml"/>
            </domainRepItem>
            <domainRepItem url="file:etc/templates/linear/IntegerDomain/IntegerDomain.xml">
                <profile url="file:etc/templates/linear/IntegerDomain/IntegerDomain-prof1.xml"/>
                <profile url="file:etc/templates/linear/IntegerDomain/IntegerDomain-prof2.xml"/>
            </domainRepItem>
            <domainRepItem url="file:etc/templates/thompson/thompson_employment.xml">
                <profile url="file:etc/templates/thompson/thompson_employer_utilityspace.xml"/>
                <profile url="file:etc/templates/thompson/thompson_employee_utilityspace.xml"/>
            </domainRepItem>
            
            
            <domainRepItem url="file:etc/templates/anac/y2013/Acquisition/Acquisition-A-domain.xml">
                <profile url="file:etc/templates/anac/y2013/Acquisition/Acquisition-A-prof1.xml"/>
                <profile url="file:etc/templates/anac/y2013/Acquisition/Acquisition-A-prof2.xml"/>
            </domainRepItem>
			<domainRepItem url="file:etc/templates/anac/y2013/Animal/Animal.xml">
                <profile url="file:etc/templates/anac/y2013/Animal/Animal_util1.xml"/>
                <profile url="file:etc/templates/anac/y2013/Animal/Animal_util2.xml"/>
            </domainRepItem>
			<domainRepItem url="file:etc/templates/anac/y2013/cameradomain/Camera-A-domain.xml">
                <profile url="file:etc/templates/anac/y2013/cameradomain/Camera-A-prof1.xml"/>
                <profile url="file:etc/templates/anac/y2013/cameradomain/Camera-A-prof2.xml"/>
            </domainRepItem> 
            <domainRepItem url="file:etc/templates/anac/y2013/Coffee/Coffee.xml">
                <profile url="file:etc/templates/anac/y2013/Coffee/Coffee_util1.xml"/>
                <profile url="file:etc/templates/anac/y2013/Coffee/Coffee_util2.xml"/>
            </domainRepItem>           
			<domainRepItem url="file:etc/templates/anac/y2013/DefensiveCharms/DefensiveCharms.xml">
                <profile url="file:etc/templates/anac/y2013/DefensiveCharms/DefensiveCharms_util1.xml"/>
                <profile url="file:etc/templates/anac/y2013/DefensiveCharms/DefensiveCharms_util2.xml"/>
            </domainRepItem>            
			<domainRepItem url="file:etc/templates/anac/y2013/DogChoosing/DogChoosing.xml">
                <profile url="file:etc/templates/anac/y2013/DogChoosing/DogChoosing_util1.xml"/>
                <profile url="file:etc/templates/anac/y2013/DogChoosing/DogChoosing_util2.xml"/>
            </domainRepItem>                        
			<domainRepItem url="file:etc/templates/anac/y2013/Fifty2013/FiftyFifty2013_domain.xml">
                <profile url="file:etc/templates/anac/y2013/Fifty2013/FiftyFifty2013_prof1.xml"/>
                <profile url="file:etc/templates/anac/y2013/Fifty2013/FiftyFifty2013_prof2.xml"/>
            </domainRepItem>             
			<domainRepItem url="file:etc/templates/anac/y2013/HouseKeeping/HouseKeeping-C-domain.xml">
                <profile url="file:etc/templates/anac/y2013/HouseKeeping/HouseKeeping-C-prof1.xml"/>
                <profile url="file:etc/templates/anac/y2013/HouseKeeping/HouseKeeping-C-prof2.xml"/>
            </domainRepItem>             
			<domainRepItem url="file:etc/templates/anac/y2013/Icecream/Icecream.xml">
                <profile url="file:etc/templates/anac/y2013/Icecream/Icecream_util1.xml"/>
                <profile url="file:etc/templates/anac/y2013/Icecream/Icecream_util2.xml"/>
            </domainRepItem>                        			
			<domainRepItem url="file:etc/templates/anac/y2013/Kitchen/Kitchen-domain.xml">
                <profile url="file:etc/templates/anac/y2013/Kitchen/Kitchen-husband.xml"/>
                <profile url="file:etc/templates/anac/y2013/Kitchen/Kitchen-wife.xml"/>
            </domainRepItem>                        			
			<domainRepItem url="file:etc/templates/anac/y2013/Laptop/Laptop-C-domain.xml">
                <profile url="file:etc/templates/anac/y2013/Laptop/Laptop-C-prof1.xml"/>
                <profile url="file:etc/templates/anac/y2013/Laptop/Laptop-C-prof2.xml"/>
            </domainRepItem>             						
			<domainRepItem url="file:etc/templates/anac/y2013/Lunch/Lunch.xml">
                <profile url="file:etc/templates/anac/y2013/Lunch/Lunch_util1.xml"/>
                <profile url="file:etc/templates/anac/y2013/Lunch/Lunch_util2.xml"/>
            </domainRepItem>                        			            
			<domainRepItem url="file:etc/templates/anac/y2013/NiceOrDie/NiceOrDie-B-domain.xml">
                <profile url="file:etc/templates/anac/y2013/NiceOrDie/NiceOrDie-B-prof1.xml"/>
                <profile url="file:etc/templates/anac/y2013/NiceOrDie/NiceOrDie-B-prof2.xml"/>
            </domainRepItem>   
			<domainRepItem url="file:etc/templates/anac/y2013/Outfit/Outfit-B-domain.xml">
                <profile url="file:etc/templates/anac/y2013/Outfit/Outfit-B-prof1.xml"/>
                <profile url="file:etc/templates/anac/y2013/Outfit/Outfit-B-prof2.xml"/>
            </domainRepItem>                      			
			<domainRepItem url="file:etc/templates/anac/y2013/planes/planes_domain.xml">
                <profile url="file:etc/templates/anac/y2013/planes/plane_buyer_utility.xml"/>
                <profile url="file:etc/templates/anac/y2013/planes/plane_seller_utility.xml"/>
            </domainRepItem>                      			
			<domainRepItem url="file:etc/templates/anac/y2013/SmartPhone/SmartPhone.xml">
                <profile url="file:etc/templates/anac/y2013/SmartPhone/SmartPhone_util1.xml"/>
                <profile url="file:etc/templates/anac/y2013/SmartPhone/SmartPhone_util2.xml"/>
            </domainRepItem>                    						
			<domainRepItem url="file:etc/templates/anac/y2013/Ultimatum/Ultimatum.xml">
                <profile url="file:etc/templates/anac/y2013/Ultimatum/Ultimatum_util1.xml"/>
                <profile url="file:etc/templates/anac/y2013/Ultimatum/Ultimatum_util2.xml"/>
            </domainRepItem>			
			<domainRepItem url="file:etc/templates/anac/y2013/Wholesaler/Wholesaler-domain.xml">
                <profile url="file:etc/templates/anac/y2013/Wholesaler/Wholesaler-prof1.xml"/>
                <profile url="file:etc/templates/anac/y2013/Wholesaler/Wholesaler-prof2.xml"/>
            </domainRepItem>                      			 
    
<domainRepItem url="file:etc/templates/pie_5/Pie_domain.xml">
<profile url="file:etc/templates/pie_5/pie_A_rv=0.00.xml"/>
<profile url="file:etc/templates/pie_5/pie_A_rv=0.01.xml"/>
<profile url="file:etc/templates/pie_5/pie_A_rv=0.02.xml"/>
<profile url="file:etc/templates/pie_5/pie_A_rv=0.03.xml"/>
<profile url="file:etc/templates/pie_5/pie_A_rv=0.04.xml"/>
<profile url="file:etc/templates/pie_5/pie_A_rv=0.05.xml"/>
<profile url="file:etc/templates/pie_5/pie_A_rv=0.06.xml"/>
<profile url="file:etc/templates/pie_5/pie_A_rv=0.07.xml"/>
<profile url="file:etc/templates/pie_5/pie_A_rv=0.08.xml"/>
<profile url="file:etc/templates/pie_5/pie_A_rv=0.09.xml"/>
<profile url="file:etc/templates/pie_5/pie_A_rv=0.10.xml"/>
<profile url="file:etc/templates/pie_5/pie_A_rv=0.11.xml"/>
<profile url="file:etc/templates/pie_5/pie_A_rv=0.12.xml"/>
<profile url="file:etc/templates/pie_5/pie_A_rv=0.13.xml"/>
<profile url="file:etc/templates/pie_5/pie_A_rv=0.14.xml"/>
<profile url="file:etc/templates/pie_5/pie_A_rv=0.15.xml"/>
<profile url="file:etc/templates/pie_5/pie_A_rv=0.16.xml"/>
<profile url="file:etc/templates/pie_5/pie_A_rv=0.17.xml"/>
<profile url="file:etc/templates/pie_5/pie_A_rv=0.18.xml"/>
<profile url="file:etc/templates/pie_5/pie_A_rv=0.19.xml"/>
<profile url="file:etc/templates/pie_5/pie_A_rv=0.20.xml"/>
<profile url="file:etc/templates/pie_5/pie_A_rv=0.21.xml"/>
<profile url="file:etc/templates/pie_5/pie_A_rv=0.22.xml"/>
<profile url="file:etc/templates/pie_5/pie_A_rv=0.23.xml"/>
<profile url="file:etc/templates/pie_5/pie_A_rv=0.24.xml"/>
<profile url="file:etc/templates/pie_5/pie_A_rv=0.25.xml"/>
<profile url="file:etc/templates/pie_5/pie_A_rv=0.26.xml"/>
<profile url="file:etc/templates/pie_5/pie_A_rv=0.27.xml"/>
<profile url="file:etc/templates/pie_5/pie_A_rv=0.28.xml"/>
<profile url="file:etc/templates/pie_5/pie_A_rv=0.29.xml"/>
<profile url="file:etc/templates/pie_5/pie_A_rv=0.30.xml"/>
<profile url="file:etc/templates/pie_5/pie_A_rv=0.31.xml"/>
<profile url="file:etc/templates/pie_5/pie_A_rv=0.32.xml"/>
<profile url="file:etc/templates/pie_5/pie_A_rv=0.33.xml"/>
<profile url="file:etc/templates/pie_5/pie_A_rv=0.34.xml"/>
<profile url="file:etc/templates/pie_5/pie_A_rv=0.35.xml"/>
<profile url="file:etc/templates/pie_5/pie_A_rv=0.36.xml"/>
<profile url="file:etc/templates/pie_5/pie_A_rv=0.37.xml"/>
<profile url="file:etc/templates/pie_5/pie_A_rv=0.38.xml"/>
<profile url="file:etc/templates/pie_5/pie_A_rv=0.39.xml"/>
<profile url="file:etc/templates/pie_5/pie_A_rv=0.40.xml"/>
<profile url="file:etc/templates/pie_5/pie_A_rv=0.41.xml"/>
<profile url="file:etc/templates/pie_5/pie_A_rv=0.42.xml"/>
<profile url="file:etc/templates/pie_5/pie_A_rv=0.43.xml"/>
<profile url="file:etc/templates/pie_5/pie_A_rv=0.44.xml"/>
<profile url="file:etc/templates/pie_5/pie_A_rv=0.45.xml"/>
<profile url="file:etc/templates/pie_5/pie_A_rv=0.46.xml"/>
<profile url="file:etc/templates/pie_5/pie_A_rv=0.47.xml"/>
<profile url="file:etc/templates/pie_5/pie_A_rv=0.48.xml"/>
<profile url="file:etc/templates/pie_5/pie_A_rv=0.49.xml"/>
<profile url="file:etc/templates/pie_5/pie_A_rv=0.50.xml"/>
<profile url="file:etc/templates/pie_5/pie_A_rv=0.51.xml"/>
<profile url="file:etc/templates/pie_5/pie_A_rv=0.52.xml"/>
<profile url="file:etc/templates/pie_5/pie_A_rv=0.53.xml"/>
<profile url="file:etc/templates/pie_5/pie_A_rv=0.54.xml"/>
<profile url="file:etc/templates/pie_5/pie_A_rv=0.55.xml"/>
<profile url="file:etc/templates/pie_5/pie_A_rv=0.56.xml"/>
<profile url="file:etc/templates/pie_5/pie_A_rv=0.57.xml"/>
<profile url="file:etc/templates/pie_5/pie_A_rv=0.58.xml"/>
<profile url="file:etc/templates/pie_5/pie_A_rv=0.59.xml"/>
<profile url="file:etc/templates/pie_5/pie_A_rv=0.60.xml"/>
<profile url="file:etc/templates/pie_5/pie_A_rv=0.61.xml"/>
<profile url="file:etc/templates/pie_5/pie_A_rv=0.62.xml"/>
<profile url="file:etc/templates/pie_5/pie_A_rv=0.63.xml"/>
<profile url="file:etc/templates/pie_5/pie_A_rv=0.64.xml"/>
<profile url="file:etc/templates/pie_5/pie_A_rv=0.65.xml"/>
<profile url="file:etc/templates/pie_5/pie_A_rv=0.66.xml"/>
<profile url="file:etc/templates/pie_5/pie_A_rv=0.67.xml"/>
<profile url="file:etc/templates/pie_5/pie_A_rv=0.68.xml"/>
<profile url="file:etc/templates/pie_5/pie_A_rv=0.69.xml"/>
<profile url="file:etc/templates/pie_5/pie_A_rv=0.70.xml"/>
<profile url="file:etc/templates/pie_5/pie_A_rv=0.71.xml"/>
<profile url="file:etc/templates/pie_5/pie_A_rv=0.72.xml"/>
<profile url="file:etc/templates/pie_5/pie_A_rv=0.73.xml"/>
<profile url="file:etc/templates/pie_5/pie_A_rv=0.74.xml"/>
<profile url="file:etc/templates/pie_5/pie_A_rv=0.75.xml"/>
<profile url="file:etc/templates/pie_5/pie_A_rv=0.76.xml"/>
<profile url="file:etc/templates/pie_5/pie_A_rv=0.77.xml"/>
<profile url="file:etc/templates/pie_5/pie_A_rv=0.78.xml"/>
<profile url="file:etc/templates/pie_5/pie_A_rv=0.79.xml"/>
<profile url="file:etc/templates/pie_5/pie_A_rv=0.80.xml"/>
<profile url="file:etc/templates/pie_5/pie_A_rv=0.81.xml"/>
<profile url="file:etc/templates/pie_5/pie_A_rv=0.82.xml"/>
<profile url="file:etc/templates/pie_5/pie_A_rv=0.83.xml"/>
<profile url="file:etc/templates/pie_5/pie_A_rv=0.84.xml"/>
<profile url="file:etc/templates/pie_5/pie_A_rv=0.85.xml"/>
<profile url="file:etc/templates/pie_5/pie_A_rv=0.86.xml"/>
<profile url="file:etc/templates/pie_5/pie_A_rv=0.87.xml"/>
<profile url="file:etc/templates/pie_5/pie_A_rv=0.88.xml"/>
<profile url="file:etc/templates/pie_5/pie_A_rv=0.89.xml"/>
<profile url="file:etc/templates/pie_5/pie_A_rv=0.90.xml"/>
<profile url="file:etc/templates/pie_5/pie_A_rv=0.91.xml"/>
<profile url="file:etc/templates/pie_5/pie_A_rv=0.92.xml"/>
<profile url="file:etc/templates/pie_5/pie_A_rv=0.93.xml"/>
<profile url="file:etc/templates/pie_5/pie_A_rv=0.94.xml"/>
<profile url="file:etc/templates/pie_5/pie_A_rv=0.95.xml"/>
<profile url="file:etc/templates/pie_5/pie_A_rv=0.96.xml"/>
<profile url="file:etc/templates/pie_5/pie_A_rv=0.97.xml"/>
<profile url="file:etc/templates/pie_5/pie_A_rv=0.98.xml"/>
<profile url="file:etc/templates/pie_5/pie_A_rv=0.99.xml"/>
<profile url="file:etc/templates/pie_5/pie_B_rv=0.00.xml"/>
<profile url="file:etc/templates/pie_5/pie_B_rv=0.01.xml"/>
<profile url="file:etc/templates/pie_5/pie_B_rv=0.02.xml"/>
<profile url="file:etc/templates/pie_5/pie_B_rv=0.03.xml"/>
<profile url="file:etc/templates/pie_5/pie_B_rv=0.04.xml"/>
<profile url="file:etc/templates/pie_5/pie_B_rv=0.05.xml"/>
<profile url="file:etc/templates/pie_5/pie_B_rv=0.06.xml"/>
<profile url="file:etc/templates/pie_5/pie_B_rv=0.07.xml"/>
<profile url="file:etc/templates/pie_5/pie_B_rv=0.08.xml"/>
<profile url="file:etc/templates/pie_5/pie_B_rv=0.09.xml"/>
<profile url="file:etc/templates/pie_5/pie_B_rv=0.10.xml"/>
<profile url="file:etc/templates/pie_5/pie_B_rv=0.11.xml"/>
<profile url="file:etc/templates/pie_5/pie_B_rv=0.12.xml"/>
<profile url="file:etc/templates/pie_5/pie_B_rv=0.13.xml"/>
<profile url="file:etc/templates/pie_5/pie_B_rv=0.14.xml"/>
<profile url="file:etc/templates/pie_5/pie_B_rv=0.15.xml"/>
<profile url="file:etc/templates/pie_5/pie_B_rv=0.16.xml"/>
<profile url="file:etc/templates/pie_5/pie_B_rv=0.17.xml"/>
<profile url="file:etc/templates/pie_5/pie_B_rv=0.18.xml"/>
<profile url="file:etc/templates/pie_5/pie_B_rv=0.19.xml"/>
<profile url="file:etc/templates/pie_5/pie_B_rv=0.20.xml"/>
<profile url="file:etc/templates/pie_5/pie_B_rv=0.21.xml"/>
<profile url="file:etc/templates/pie_5/pie_B_rv=0.22.xml"/>
<profile url="file:etc/templates/pie_5/pie_B_rv=0.23.xml"/>
<profile url="file:etc/templates/pie_5/pie_B_rv=0.24.xml"/>
<profile url="file:etc/templates/pie_5/pie_B_rv=0.25.xml"/>
<profile url="file:etc/templates/pie_5/pie_B_rv=0.26.xml"/>
<profile url="file:etc/templates/pie_5/pie_B_rv=0.27.xml"/>
<profile url="file:etc/templates/pie_5/pie_B_rv=0.28.xml"/>
<profile url="file:etc/templates/pie_5/pie_B_rv=0.29.xml"/>
<profile url="file:etc/templates/pie_5/pie_B_rv=0.30.xml"/>
<profile url="file:etc/templates/pie_5/pie_B_rv=0.31.xml"/>
<profile url="file:etc/templates/pie_5/pie_B_rv=0.32.xml"/>
<profile url="file:etc/templates/pie_5/pie_B_rv=0.33.xml"/>
<profile url="file:etc/templates/pie_5/pie_B_rv=0.34.xml"/>
<profile url="file:etc/templates/pie_5/pie_B_rv=0.35.xml"/>
<profile url="file:etc/templates/pie_5/pie_B_rv=0.36.xml"/>
<profile url="file:etc/templates/pie_5/pie_B_rv=0.37.xml"/>
<profile url="file:etc/templates/pie_5/pie_B_rv=0.38.xml"/>
<profile url="file:etc/templates/pie_5/pie_B_rv=0.39.xml"/>
<profile url="file:etc/templates/pie_5/pie_B_rv=0.40.xml"/>
<profile url="file:etc/templates/pie_5/pie_B_rv=0.41.xml"/>
<profile url="file:etc/templates/pie_5/pie_B_rv=0.42.xml"/>
<profile url="file:etc/templates/pie_5/pie_B_rv=0.43.xml"/>
<profile url="file:etc/templates/pie_5/pie_B_rv=0.44.xml"/>
<profile url="file:etc/templates/pie_5/pie_B_rv=0.45.xml"/>
<profile url="file:etc/templates/pie_5/pie_B_rv=0.46.xml"/>
<profile url="file:etc/templates/pie_5/pie_B_rv=0.47.xml"/>
<profile url="file:etc/templates/pie_5/pie_B_rv=0.48.xml"/>
<profile url="file:etc/templates/pie_5/pie_B_rv=0.49.xml"/>
<profile url="file:etc/templates/pie_5/pie_B_rv=0.50.xml"/>
<profile url="file:etc/templates/pie_5/pie_B_rv=0.51.xml"/>
<profile url="file:etc/templates/pie_5/pie_B_rv=0.52.xml"/>
<profile url="file:etc/templates/pie_5/pie_B_rv=0.53.xml"/>
<profile url="file:etc/templates/pie_5/pie_B_rv=0.54.xml"/>
<profile url="file:etc/templates/pie_5/pie_B_rv=0.55.xml"/>
<profile url="file:etc/templates/pie_5/pie_B_rv=0.56.xml"/>
<profile url="file:etc/templates/pie_5/pie_B_rv=0.57.xml"/>
<profile url="file:etc/templates/pie_5/pie_B_rv=0.58.xml"/>
<profile url="file:etc/templates/pie_5/pie_B_rv=0.59.xml"/>
<profile url="file:etc/templates/pie_5/pie_B_rv=0.60.xml"/>
<profile url="file:etc/templates/pie_5/pie_B_rv=0.61.xml"/>
<profile url="file:etc/templates/pie_5/pie_B_rv=0.62.xml"/>
<profile url="file:etc/templates/pie_5/pie_B_rv=0.63.xml"/>
<profile url="file:etc/templates/pie_5/pie_B_rv=0.64.xml"/>
<profile url="file:etc/templates/pie_5/pie_B_rv=0.65.xml"/>
<profile url="file:etc/templates/pie_5/pie_B_rv=0.66.xml"/>
<profile url="file:etc/templates/pie_5/pie_B_rv=0.67.xml"/>
<profile url="file:etc/templates/pie_5/pie_B_rv=0.68.xml"/>
<profile url="file:etc/templates/pie_5/pie_B_rv=0.69.xml"/>
<profile url="file:etc/templates/pie_5/pie_B_rv=0.70.xml"/>
<profile url="file:etc/templates/pie_5/pie_B_rv=0.71.xml"/>
<profile url="file:etc/templates/pie_5/pie_B_rv=0.72.xml"/>
<profile url="file:etc/templates/pie_5/pie_B_rv=0.73.xml"/>
<profile url="file:etc/templates/pie_5/pie_B_rv=0.74.xml"/>
<profile url="file:etc/templates/pie_5/pie_B_rv=0.75.xml"/>
<profile url="file:etc/templates/pie_5/pie_B_rv=0.76.xml"/>
<profile url="file:etc/templates/pie_5/pie_B_rv=0.77.xml"/>
<profile url="file:etc/templates/pie_5/pie_B_rv=0.78.xml"/>
<profile url="file:etc/templates/pie_5/pie_B_rv=0.79.xml"/>
<profile url="file:etc/templates/pie_5/pie_B_rv=0.80.xml"/>
<profile url="file:etc/templates/pie_5/pie_B_rv=0.81.xml"/>
<profile url="file:etc/templates/pie_5/pie_B_rv=0.82.xml"/>
<profile url="file:etc/templates/pie_5/pie_B_rv=0.83.xml"/>
<profile url="file:etc/templates/pie_5/pie_B_rv=0.84.xml"/>
<profile url="file:etc/templates/pie_5/pie_B_rv=0.85.xml"/>
<profile url="file:etc/templates/pie_5/pie_B_rv=0.86.xml"/>
<profile url="file:etc/templates/pie_5/pie_B_rv=0.87.xml"/>
<profile url="file:etc/templates/pie_5/pie_B_rv=0.88.xml"/>
<profile url="file:etc/templates/pie_5/pie_B_rv=0.89.xml"/>
<profile url="file:etc/templates/pie_5/pie_B_rv=0.90.xml"/>
<profile url="file:etc/templates/pie_5/pie_B_rv=0.91.xml"/>
<profile url="file:etc/templates/pie_5/pie_B_rv=0.92.xml"/>
<profile url="file:etc/templates/pie_5/pie_B_rv=0.93.xml"/>
<profile url="file:etc/templates/pie_5/pie_B_rv=0.94.xml"/>
<profile url="file:etc/templates/pie_5/pie_B_rv=0.95.xml"/>
<profile url="file:etc/templates/pie_5/pie_B_rv=0.96.xml"/>
<profile url="file:etc/templates/pie_5/pie_B_rv=0.97.xml"/>
<profile url="file:etc/templates/pie_5/pie_B_rv=0.98.xml"/>
<profile url="file:etc/templates/pie_5/pie_B_rv=0.99.xml"/>
<profile url="file:etc/templates/pie_5/pie_B_rv=1.00.xml"/>

</domainRepItem>
</domainRepItem>
        <protocolRepItem/>
        <multiPartyProtocolRepItem/>
    </items>
    <filename>domainrepository.xml</filename>
</repository>
