<?xml version="1.0" encoding="UTF-8" standalone="yes"?>
<repository fileName="domainrepository.xml">
    <items>
        <agentRepItems/>
        <domainRepItem>
            <domainRepItem url="file:etc/templates/laptopdomain/laptop_domain.xml">
                <profile url="file:etc/templates/laptopdomain/laptop_seller_utility.xml"/>
                <profile url="file:etc/templates/laptopdomain/laptop_buyer_utility.xml"/>
            </domainRepItem>
            <domainRepItem url="file:etc/templates/partydomain/party_domain.xml">
                <profile url="file:etc/templates/partydomain/party_utility_kh.xml"/>
                <profile url="file:etc/templates/partydomain/party_utility_cath.xml"/>
                <profile url="file:etc/templates/partydomain/AI2009/party_user1_utility.xml" />
                <profile url="file:etc/templates/partydomain/AI2009/party_user2_utility.xml" />
                <profile url="file:etc/templates/partydomain/AI2009/party_user3_utility.xml" />
                <profile url="file:etc/templates/partydomain/AI2009/party_user4_utility.xml" />
                <profile url="file:etc/templates/partydomain/AI2009/party_user5_utility.xml" />
                <profile url="file:etc/templates/partydomain/AI2009/party_user6_utility.xml" />
                <profile url="file:etc/templates/partydomain/AI2009/party_user7_utility.xml" />
                <profile url="file:etc/templates/partydomain/AI2009/party_user8_utility.xml" />
                <profile url="file:etc/templates/partydomain/AI2009/party_user9_utility.xml" />
                <profile url="file:etc/templates/partydomain/AI2009/party_user10_utility.xml" />
                <profile url="file:etc/templates/partydomain/AI2009/party_user11_utility.xml" />
                <profile url="file:etc/templates/partydomain/AI2009/party_user12_utility.xml" />
                <profile url="file:etc/templates/partydomain/AI2009/party_user13_utility.xml" />
                <profile url="file:etc/templates/partydomain/AI2009/party_user14_utility.xml" />
                <profile url="file:etc/templates/partydomain/AI2009/party_user15_utility.xml" />
                <profile url="file:etc/templates/partydomain/AI2009/party_user16_utility.xml" />
                <profile url="file:etc/templates/partydomain/AI2009/party_user17_utility.xml" />
                <profile url="file:etc/templates/partydomain/AI2009/party_user18_utility.xml" />
                <profile url="file:etc/templates/partydomain/AI2009/party_user19_utility.xml" />
                <profile url="file:etc/templates/partydomain/AI2009/party_user20_utility.xml" />
                <profile url="file:etc/templates/partydomain/AI2009/party_user21_utility.xml" />
                <profile url="file:etc/templates/partydomain/AI2009/party_user22_utility.xml" />
                <profile url="file:etc/templates/partydomain/AI2009/party_user23_utility.xml" />
                <profile url="file:etc/templates/partydomain/AI2009/party_user24_utility.xml" />
            </domainRepItem>
            <domainRepItem url="file:etc/templates/SON/son_domain.xml">
                <profile url="file:etc/templates/SON/son_buyer.xml"/>
                <profile url="file:etc/templates/SON/son_seller.xml"/>
            </domainRepItem>
            <domainRepItem url="file:etc/templates/thompson/thompson_employment.xml">
                <profile url="file:etc/templates/thompson/thompson_employer_utilityspace.xml"/>
                <profile url="file:etc/templates/thompson/thompson_employee_utilityspace.xml"/>
            </domainRepItem>
            <domainRepItem url="file:etc/templates/2nd_hand_car/car_domain.xml">
                <profile url="file:etc/templates/2nd_hand_car/car_buyer.xml"/>
                <profile url="file:etc/templates/2nd_hand_car/car_dealer.xml"/>
            </domainRepItem>
           <domainRepItem url="file:etc/templates/inheritancedomain/inheritance_domain.xml">
                <profile url="file:etc/templates/inheritancedomain/inheritance_Janet.xml"/>
                <profile url="file:etc/templates/inheritancedomain/inheritance_Marty.xml"/>
            </domainRepItem>            
        </domainRepItem>
        <protocolRepItem/>
    </items>
    <filename>domainrepository.xml</filename>
</repository>
