<?xml version="1.0" encoding="UTF-8" standalone="yes"?>
<repository fileName="domainrepository.xml">
    <items>
        <agentRepItems/>
        <domainRepItem>
            <domainRepItem url="file:etc/templates/anac/y2011/Car/adg.xml">
                <profile url="file:etc/templates/anac/y2011/Car/adg_deal.xml"/>
                <profile url="file:etc/templates/anac/y2011/Car/adg_deal2.xml"/>
            </domainRepItem>
            <domainRepItem url="file:etc/templates/anac/y2011/Amsterdam/Amsterdam_domain.xml">
                <profile url="file:etc/templates/anac/y2011/Amsterdam/Amsterdam_party1.xml"/>
                <profile url="file:etc/templates/anac/y2011/Amsterdam/Amsterdam_party2.xml"/>
            </domainRepItem>
            <domainRepItem url="file:etc/templates/anac/y2011/Camera/camera_domain.xml">
                <profile url="file:etc/templates/anac/y2011/Camera/camera_seller_utility.xml"/>
                <profile url="file:etc/templates/anac/y2011/Camera/camera_buyer_utility.xml"/>
            </domainRepItem>
            <domainRepItem url="file:etc/templates/anac/y2011/NiceOrDie/NiceOrDie.xml">
                <profile url="file:etc/templates/anac/y2011/NiceOrDie/NiceOrDie1.xml"/>
                <profile url="file:etc/templates/anac/y2011/NiceOrDie/NiceOrDie2.xml"/>
            </domainRepItem>
            <domainRepItem url="file:etc/templates/anac/y2011/Energy/energy_domain.xml">
                <profile url="file:etc/templates/anac/y2011/Energy/energy_consumer.xml"/>
                <profile url="file:etc/templates/anac/y2011/Energy/energy_distributor.xml"/>
            </domainRepItem>
            <domainRepItem url="file:etc/templates/anac/y2011/Grocery/Grocery_domain.xml">
                <profile url="file:etc/templates/anac/y2011/Grocery/Grocery_domain_sam.xml"/>
                <profile url="file:etc/templates/anac/y2011/Grocery/Grocery_domain_mary.xml"/>
            </domainRepItem>
            <domainRepItem url="file:etc/templates/anac/y2011/IS_BT_Acquisition/IS_BT_Acquisition.xml">
                <profile url="file:etc/templates/anac/y2011/IS_BT_Acquisition/IS_BT_Acquisition_IS_prof.xml"/>
                <profile url="file:etc/templates/anac/y2011/IS_BT_Acquisition/IS_BT_Acquisition_BT_prof.xml"/>
            </domainRepItem>
            <domainRepItem url="file:etc/templates/anac/y2011/Laptop/laptop_domain.xml">
                <profile url="file:etc/templates/anac/y2011/Laptop/laptop_buyer_utility.xml"/>
                <profile url="file:etc/templates/anac/y2011/Laptop/laptop_seller_utility.xml"/>
            </domainRepItem>
            <domainRepItem url="file:etc/templates/partydomain/party_domain.xml">
                <profile url="file:etc/templates/partydomain/party_utility_kh.xml"/>
                <profile url="file:etc/templates/partydomain/party_utility_cath.xml"/>
                <profile url="file:etc/templates/partydomain/AI2009/party_user1_utility.xml" />
                <profile url="file:etc/templates/partydomain/AI2009/party_user2_utility.xml" />
                <profile url="file:etc/templates/partydomain/AI2009/party_user3_utility.xml" />
                <profile url="file:etc/templates/partydomain/AI2009/party_user4_utility.xml" />
                <profile url="file:etc/templates/partydomain/AI2009/party_user5_utility.xml" />
                <profile url="file:etc/templates/partydomain/AI2009/party_user6_utility.xml" />
                <profile url="file:etc/templates/partydomain/AI2009/party_user7_utility.xml" />
                <profile url="file:etc/templates/partydomain/AI2009/party_user8_utility.xml" />
                <profile url="file:etc/templates/partydomain/AI2009/party_user9_utility.xml" />
                <profile url="file:etc/templates/partydomain/AI2009/party_user10_utility.xml" />
                <profile url="file:etc/templates/partydomain/AI2009/party_user11_utility.xml" />
                <profile url="file:etc/templates/partydomain/AI2009/party_user12_utility.xml" />
                <profile url="file:etc/templates/partydomain/AI2009/party_user13_utility.xml" />
                <profile url="file:etc/templates/partydomain/AI2009/party_user14_utility.xml" />
                <profile url="file:etc/templates/partydomain/AI2009/party_user15_utility.xml" />
                <profile url="file:etc/templates/partydomain/AI2009/party_user16_utility.xml" />
                <profile url="file:etc/templates/partydomain/AI2009/party_user17_utility.xml" />
                <profile url="file:etc/templates/partydomain/AI2009/party_user18_utility.xml" />
                <profile url="file:etc/templates/partydomain/AI2009/party_user19_utility.xml" />
                <profile url="file:etc/templates/partydomain/AI2009/party_user20_utility.xml" />
                <profile url="file:etc/templates/partydomain/AI2009/party_user21_utility.xml" />
                <profile url="file:etc/templates/partydomain/AI2009/party_user22_utility.xml" />
                <profile url="file:etc/templates/partydomain/AI2009/party_user23_utility.xml" />
                <profile url="file:etc/templates/partydomain/AI2009/party_user24_utility.xml" />
            </domainRepItem>
        </domainRepItem>
        <protocolRepItem/>
    </items>
    <filename>domainrepository.xml</filename>
</repository>