<?xml version="1.0" encoding="UTF-8" standalone="yes"?>
<repository fileName="domainrepository.xml">
    <items>
        <agentRepItems/>
        <domainRepItem>
            <domainRepItem url="file:etc/templates/laptopdomain/laptop_domain.xml">
                <profile url="file:etc/templates/laptopdomain/laptop_seller_utility.xml"/>
                <profile url="file:etc/templates/laptopdomain/laptop_buyer_utility.xml"/>
            </domainRepItem>
            <domainRepItem url="file:etc/templates/partydomain/party_domain.xml">
                <profile url="file:etc/templates/partydomain/party_utility_kh.xml"/>
                <profile url="file:etc/templates/partydomain/party_utility_cath.xml"/>
                <profile url="file:etc/templates/partydomain/party_bartluijten_utility.xml"/>
            </domainRepItem>
            <domainRepItem url="file:etc/templates/SON/son_domain.xml">
                <profile url="file:etc/templates/SON/son_buyer.xml"/>
                <profile url="file:etc/templates/SON/son_seller.xml"/>
            </domainRepItem>
            <domainRepItem url="file:etc/templates/SON_with_discount/son_domain_with_discount_factor.xml">
                <profile url="file:etc/templates/SON_with_discount/son_buyer.xml"/>
                <profile url="file:etc/templates/SON_with_discount/son_seller.xml"/>
            </domainRepItem>
            
<!--             <domainRepItem url="file:etc/templates/AMPOvsCity/ampo_vs_city_template.xml">
                <profile url="file:etc/templates/AMPOvsCity/ampo_vs_city_city_space.xml"/>
                <profile url="file:etc/templates/AMPOvsCity/ampo_vs_city_ampo_space.xml"/>
            </domainRepItem>
 -->           
            <domainRepItem url="file:etc/templates/thompson/thompson_employment.xml">
                <profile url="file:etc/templates/thompson/thompson_employer_utilityspace.xml"/>
                <profile url="file:etc/templates/thompson/thompson_employee_utilityspace.xml"/>
            </domainRepItem>
            <domainRepItem url="file:etc/templates/2nd_hand_car/car_domain.xml">
                <profile url="file:etc/templates/2nd_hand_car/car_buyer.xml"/>
                <profile url="file:etc/templates/2nd_hand_car/car_dealer.xml"/>
            </domainRepItem>
        </domainRepItem>
        <protocolRepItem/>
    </items>
    <filename>domainrepository.xml</filename>
</repository>
