<?xml version="1.0" encoding="UTF-8" standalone="yes"?>
<repository fileName="domainrepository.xml">
    <items>
        <agentRepItems/>
        <domainRepItem>
            <domainRepItem url="file:etc/templates/anac/y2010/EnglandZimbabwe/EnglandZimbabwe_domain.xml">
                <profile url="file:etc/templates/anac/y2010/EnglandZimbabwe/England.xml"/>
                <profile url="file:etc/templates/anac/y2010/EnglandZimbabwe/Zimbabwe.xml"/>
            </domainRepItem>
            <domainRepItem url="file:etc/templates/anac/y2010/ItexvsCypress/ItexvsCypress_domain.xml">
                <profile url="file:etc/templates/anac/y2010/ItexvsCypress/ItexvsCypress_Cypress.xml"/>
                <profile url="file:etc/templates/anac/y2010/ItexvsCypress/ItexvsCypress_Itex.xml"/>
            </domainRepItem>
            <domainRepItem url="file:etc/templates/anac/y2010/Travel/travel_domain.xml">
                <profile url="file:etc/templates/anac/y2010/Travel/travel_chox.xml"/>
                <profile url="file:etc/templates/anac/y2010/Travel/travel_fanny.xml"/>
            </domainRepItem>
            <domainRepItem url="file:etc/templates/anac/y2011/Car/adg.xml">
                <profile url="file:etc/templates/anac/y2011/Car/adg_deal.xml"/>
                <profile url="file:etc/templates/anac/y2011/Car/adg_deal2.xml"/>
            </domainRepItem>
            <domainRepItem url="file:etc/templates/anac/y2011/Amsterdam/Amsterdam_domain.xml">
                <profile url="file:etc/templates/anac/y2011/Amsterdam/Amsterdam_party1.xml"/>
                <profile url="file:etc/templates/anac/y2011/Amsterdam/Amsterdam_party2.xml"/>
            </domainRepItem>
            <domainRepItem url="file:etc/templates/anac/y2011/Camera/camera_domain.xml">
                <profile url="file:etc/templates/anac/y2011/Camera/camera_seller_utility.xml"/>
                <profile url="file:etc/templates/anac/y2011/Camera/camera_buyer_utility.xml"/>
            </domainRepItem>
            <domainRepItem url="file:etc/templates/anac/y2011/NiceOrDie/NiceOrDie.xml">
                <profile url="file:etc/templates/anac/y2011/NiceOrDie/NiceOrDie1.xml"/>
                <profile url="file:etc/templates/anac/y2011/NiceOrDie/NiceOrDie2.xml"/>
            </domainRepItem>
            <domainRepItem url="file:etc/templates/anac/y2011/Energy/energy_domain.xml">
                <profile url="file:etc/templates/anac/y2011/Energy/energy_consumer.xml"/>
                <profile url="file:etc/templates/anac/y2011/Energy/energy_distributor.xml"/>
            </domainRepItem>
            <domainRepItem url="file:etc/templates/anac/y2011/Grocery/Grocery_domain.xml">
                <profile url="file:etc/templates/anac/y2011/Grocery/Grocery_domain_sam.xml"/>
                <profile url="file:etc/templates/anac/y2011/Grocery/Grocery_domain_mary.xml"/>
            </domainRepItem>
            <domainRepItem url="file:etc/templates/anac/y2011/IS_BT_Acquisition/IS_BT_Acquisition.xml">
                <profile url="file:etc/templates/anac/y2011/IS_BT_Acquisition/IS_BT_Acquisition_IS_prof.xml"/>
                <profile url="file:etc/templates/anac/y2011/IS_BT_Acquisition/IS_BT_Acquisition_BT_prof.xml"/>
            </domainRepItem>
            <domainRepItem url="file:etc/templates/anac/y2011/Laptop/laptop_domain.xml">
                <profile url="file:etc/templates/anac/y2011/Laptop/laptop_buyer_utility.xml"/>
                <profile url="file:etc/templates/anac/y2011/Laptop/laptop_seller_utility.xml"/>
            </domainRepItem>
            <domainRepItem url="file:etc/templates/anac/y2012/Acquisition/Acquisition-A-domain.xml">
                <profile url="file:etc/templates/anac/y2012/Acquisition/Acquisition-A-prof1.xml"/>
                <profile url="file:etc/templates/anac/y2012/Acquisition/Acquisition-A-prof2.xml"/>
            </domainRepItem>
            <domainRepItem url="file:etc/templates/anac/y2012/Acquisition/Acquisition-B-domain.xml">
                <profile url="file:etc/templates/anac/y2012/Acquisition/Acquisition-B-prof1.xml"/>
                <profile url="file:etc/templates/anac/y2012/Acquisition/Acquisition-B-prof2.xml"/>
            </domainRepItem>
            <domainRepItem url="file:etc/templates/anac/y2012/Acquisition/Acquisition-C-domain.xml">
                <profile url="file:etc/templates/anac/y2012/Acquisition/Acquisition-C-prof1.xml"/>
                <profile url="file:etc/templates/anac/y2012/Acquisition/Acquisition-C-prof2.xml"/>
            </domainRepItem>
            <domainRepItem url="file:etc/templates/anac/y2012/AirportSiteSelection/AirportSiteSelection-A-domain.xml">
                <profile url="file:etc/templates/anac/y2012/AirportSiteSelection/AirportSiteSelection-A-prof1.xml"/>
                <profile url="file:etc/templates/anac/y2012/AirportSiteSelection/AirportSiteSelection-A-prof2.xml"/>
            </domainRepItem>
            <domainRepItem url="file:etc/templates/anac/y2012/AirportSiteSelection/AirportSiteSelection-B-domain.xml">
                <profile url="file:etc/templates/anac/y2012/AirportSiteSelection/AirportSiteSelection-B-prof1.xml"/>
                <profile url="file:etc/templates/anac/y2012/AirportSiteSelection/AirportSiteSelection-B-prof2.xml"/>
            </domainRepItem>
            <domainRepItem url="file:etc/templates/anac/y2012/AirportSiteSelection/AirportSiteSelection-C-domain.xml">
                <profile url="file:etc/templates/anac/y2012/AirportSiteSelection/AirportSiteSelection-C-prof1.xml"/>
                <profile url="file:etc/templates/anac/y2012/AirportSiteSelection/AirportSiteSelection-C-prof2.xml"/>
            </domainRepItem>
            <domainRepItem url="file:etc/templates/anac/y2012/Amsterdam/Amsterdam-A-domain.xml">
                <profile url="file:etc/templates/anac/y2012/Amsterdam/Amsterdam-A-prof1.xml"/>
                <profile url="file:etc/templates/anac/y2012/Amsterdam/Amsterdam-A-prof2.xml"/>
            </domainRepItem>
            <domainRepItem url="file:etc/templates/anac/y2012/Amsterdam/Amsterdam-B-domain.xml">
                <profile url="file:etc/templates/anac/y2012/Amsterdam/Amsterdam-B-prof1.xml"/>
                <profile url="file:etc/templates/anac/y2012/Amsterdam/Amsterdam-B-prof2.xml"/>
            </domainRepItem>
            <domainRepItem url="file:etc/templates/anac/y2012/Amsterdam/Amsterdam-C-domain.xml">
                <profile url="file:etc/templates/anac/y2012/Amsterdam/Amsterdam-C-prof1.xml"/>
                <profile url="file:etc/templates/anac/y2012/Amsterdam/Amsterdam-C-prof2.xml"/>
            </domainRepItem>
            <domainRepItem url="file:etc/templates/anac/y2012/Barbecue/Barbecue-A-domain.xml">
                <profile url="file:etc/templates/anac/y2012/Barbecue/Barbecue-A-prof1.xml"/>
                <profile url="file:etc/templates/anac/y2012/Barbecue/Barbecue-A-prof2.xml"/>
            </domainRepItem>
            <domainRepItem url="file:etc/templates/anac/y2012/Barbecue/Barbecue-B-domain.xml">
                <profile url="file:etc/templates/anac/y2012/Barbecue/Barbecue-B-prof1.xml"/>
                <profile url="file:etc/templates/anac/y2012/Barbecue/Barbecue-B-prof2.xml"/>
            </domainRepItem>
            <domainRepItem url="file:etc/templates/anac/y2012/Barbecue/Barbecue-C-domain.xml">
                <profile url="file:etc/templates/anac/y2012/Barbecue/Barbecue-C-prof1.xml"/>
                <profile url="file:etc/templates/anac/y2012/Barbecue/Barbecue-C-prof2.xml"/>
            </domainRepItem>
            <domainRepItem url="file:etc/templates/anac/y2012/Barter/Barter-A-domain.xml">
                <profile url="file:etc/templates/anac/y2012/Barter/Barter-A-prof1.xml"/>
                <profile url="file:etc/templates/anac/y2012/Barter/Barter-A-prof2.xml"/>
            </domainRepItem>
            <domainRepItem url="file:etc/templates/anac/y2012/Barter/Barter-B-domain.xml">
                <profile url="file:etc/templates/anac/y2012/Barter/Barter-B-prof1.xml"/>
                <profile url="file:etc/templates/anac/y2012/Barter/Barter-B-prof2.xml"/>
            </domainRepItem>
            <domainRepItem url="file:etc/templates/anac/y2012/Barter/Barter-C-domain.xml">
                <profile url="file:etc/templates/anac/y2012/Barter/Barter-C-prof1.xml"/>
                <profile url="file:etc/templates/anac/y2012/Barter/Barter-C-prof2.xml"/>
            </domainRepItem>
            <domainRepItem url="file:etc/templates/anac/y2012/Camera/Camera-A-domain.xml">
                <profile url="file:etc/templates/anac/y2012/Camera/Camera-A-prof1.xml"/>
                <profile url="file:etc/templates/anac/y2012/Camera/Camera-A-prof2.xml"/>
            </domainRepItem>
            <domainRepItem url="file:etc/templates/anac/y2012/Camera/Camera-B-domain.xml">
                <profile url="file:etc/templates/anac/y2012/Camera/Camera-B-prof1.xml"/>
                <profile url="file:etc/templates/anac/y2012/Camera/Camera-B-prof2.xml"/>
            </domainRepItem>
            <domainRepItem url="file:etc/templates/anac/y2012/Camera/Camera-C-domain.xml">
                <profile url="file:etc/templates/anac/y2012/Camera/Camera-C-prof1.xml"/>
                <profile url="file:etc/templates/anac/y2012/Camera/Camera-C-prof2.xml"/>
            </domainRepItem>
            <domainRepItem url="file:etc/templates/anac/y2012/Car/Car-A-domain.xml">
                <profile url="file:etc/templates/anac/y2012/Car/Car-A-prof1.xml"/>
                <profile url="file:etc/templates/anac/y2012/Car/Car-A-prof2.xml"/>
            </domainRepItem>
            <domainRepItem url="file:etc/templates/anac/y2012/Car/Car-B-domain.xml">
                <profile url="file:etc/templates/anac/y2012/Car/Car-B-prof1.xml"/>
                <profile url="file:etc/templates/anac/y2012/Car/Car-B-prof2.xml"/>
            </domainRepItem>
            <domainRepItem url="file:etc/templates/anac/y2012/Car/Car-C-domain.xml">
                <profile url="file:etc/templates/anac/y2012/Car/Car-C-prof1.xml"/>
                <profile url="file:etc/templates/anac/y2012/Car/Car-C-prof2.xml"/>
            </domainRepItem>
            <domainRepItem url="file:etc/templates/anac/y2012/Energy/Energy-A-domain.xml">
                <profile url="file:etc/templates/anac/y2012/Energy/Energy-A-prof1.xml"/>
                <profile url="file:etc/templates/anac/y2012/Energy/Energy-A-prof2.xml"/>
            </domainRepItem>
            <domainRepItem url="file:etc/templates/anac/y2012/Energy/Energy-B-domain.xml">
                <profile url="file:etc/templates/anac/y2012/Energy/Energy-B-prof1.xml"/>
                <profile url="file:etc/templates/anac/y2012/Energy/Energy-B-prof2.xml"/>
            </domainRepItem>
            <domainRepItem url="file:etc/templates/anac/y2012/Energy/Energy-C-domain.xml">
                <profile url="file:etc/templates/anac/y2012/Energy/Energy-C-prof1.xml"/>
                <profile url="file:etc/templates/anac/y2012/Energy/Energy-C-prof2.xml"/>
            </domainRepItem>
            <domainRepItem url="file:etc/templates/anac/y2012/EnergySmall/EnergySmall-A-domain.xml">
                <profile url="file:etc/templates/anac/y2012/EnergySmall/EnergySmall-A-prof1.xml"/>
                <profile url="file:etc/templates/anac/y2012/EnergySmall/EnergySmall-A-prof2.xml"/>
            </domainRepItem>
            <domainRepItem url="file:etc/templates/anac/y2012/EnergySmall/EnergySmall-B-domain.xml">
                <profile url="file:etc/templates/anac/y2012/EnergySmall/EnergySmall-B-prof1.xml"/>
                <profile url="file:etc/templates/anac/y2012/EnergySmall/EnergySmall-B-prof2.xml"/>
            </domainRepItem>
            <domainRepItem url="file:etc/templates/anac/y2012/EnergySmall/EnergySmall-C-domain.xml">
                <profile url="file:etc/templates/anac/y2012/EnergySmall/EnergySmall-C-prof1.xml"/>
                <profile url="file:etc/templates/anac/y2012/EnergySmall/EnergySmall-C-prof2.xml"/>
            </domainRepItem>
            <domainRepItem url="file:etc/templates/anac/y2012/EnglandvsZimbabwe/EnglandvsZimbabwe-A-domain.xml">
                <profile url="file:etc/templates/anac/y2012/EnglandvsZimbabwe/EnglandvsZimbabwe-A-prof1.xml"/>
                <profile url="file:etc/templates/anac/y2012/EnglandvsZimbabwe/EnglandvsZimbabwe-A-prof2.xml"/>
            </domainRepItem>
            <domainRepItem url="file:etc/templates/anac/y2012/EnglandvsZimbabwe/EnglandvsZimbabwe-B-domain.xml">
                <profile url="file:etc/templates/anac/y2012/EnglandvsZimbabwe/EnglandvsZimbabwe-B-prof1.xml"/>
                <profile url="file:etc/templates/anac/y2012/EnglandvsZimbabwe/EnglandvsZimbabwe-B-prof2.xml"/>
            </domainRepItem>
            <domainRepItem url="file:etc/templates/anac/y2012/EnglandvsZimbabwe/EnglandvsZimbabwe-C-domain.xml">
                <profile url="file:etc/templates/anac/y2012/EnglandvsZimbabwe/EnglandvsZimbabwe-C-prof1.xml"/>
                <profile url="file:etc/templates/anac/y2012/EnglandvsZimbabwe/EnglandvsZimbabwe-C-prof2.xml"/>
            </domainRepItem>
            <domainRepItem url="file:etc/templates/anac/y2012/FiftyFifty/FiftyFifty-A-domain.xml">
                <profile url="file:etc/templates/anac/y2012/FiftyFifty/FiftyFifty-A-prof1.xml"/>
                <profile url="file:etc/templates/anac/y2012/FiftyFifty/FiftyFifty-A-prof2.xml"/>
            </domainRepItem>
            <domainRepItem url="file:etc/templates/anac/y2012/FiftyFifty/FiftyFifty-B-domain.xml">
                <profile url="file:etc/templates/anac/y2012/FiftyFifty/FiftyFifty-B-prof1.xml"/>
                <profile url="file:etc/templates/anac/y2012/FiftyFifty/FiftyFifty-B-prof2.xml"/>
            </domainRepItem>
            <domainRepItem url="file:etc/templates/anac/y2012/FiftyFifty/FiftyFifty-C-domain.xml">
                <profile url="file:etc/templates/anac/y2012/FiftyFifty/FiftyFifty-C-prof1.xml"/>
                <profile url="file:etc/templates/anac/y2012/FiftyFifty/FiftyFifty-C-prof2.xml"/>
            </domainRepItem>
            <domainRepItem url="file:etc/templates/anac/y2012/FlightBooking/FlightBooking-A-domain.xml">
                <profile url="file:etc/templates/anac/y2012/FlightBooking/FlightBooking-A-prof1.xml"/>
                <profile url="file:etc/templates/anac/y2012/FlightBooking/FlightBooking-A-prof2.xml"/>
            </domainRepItem>
            <domainRepItem url="file:etc/templates/anac/y2012/FlightBooking/FlightBooking-B-domain.xml">
                <profile url="file:etc/templates/anac/y2012/FlightBooking/FlightBooking-B-prof1.xml"/>
                <profile url="file:etc/templates/anac/y2012/FlightBooking/FlightBooking-B-prof2.xml"/>
            </domainRepItem>
            <domainRepItem url="file:etc/templates/anac/y2012/FlightBooking/FlightBooking-C-domain.xml">
                <profile url="file:etc/templates/anac/y2012/FlightBooking/FlightBooking-C-prof1.xml"/>
                <profile url="file:etc/templates/anac/y2012/FlightBooking/FlightBooking-C-prof2.xml"/>
            </domainRepItem>
            <domainRepItem url="file:etc/templates/anac/y2012/Grocery/Grocery-A-domain.xml">
                <profile url="file:etc/templates/anac/y2012/Grocery/Grocery-A-prof1.xml"/>
                <profile url="file:etc/templates/anac/y2012/Grocery/Grocery-A-prof2.xml"/>
            </domainRepItem>
            <domainRepItem url="file:etc/templates/anac/y2012/Grocery/Grocery-B-domain.xml">
                <profile url="file:etc/templates/anac/y2012/Grocery/Grocery-B-prof1.xml"/>
                <profile url="file:etc/templates/anac/y2012/Grocery/Grocery-B-prof2.xml"/>
            </domainRepItem>
            <domainRepItem url="file:etc/templates/anac/y2012/Grocery/Grocery-C-domain.xml">
                <profile url="file:etc/templates/anac/y2012/Grocery/Grocery-C-prof1.xml"/>
                <profile url="file:etc/templates/anac/y2012/Grocery/Grocery-C-prof2.xml"/>
            </domainRepItem>
            <domainRepItem url="file:etc/templates/anac/y2012/HouseKeeping/HouseKeeping-A-domain.xml">
                <profile url="file:etc/templates/anac/y2012/HouseKeeping/HouseKeeping-A-prof1.xml"/>
                <profile url="file:etc/templates/anac/y2012/HouseKeeping/HouseKeeping-A-prof2.xml"/>
            </domainRepItem>
            <domainRepItem url="file:etc/templates/anac/y2012/HouseKeeping/HouseKeeping-B-domain.xml">
                <profile url="file:etc/templates/anac/y2012/HouseKeeping/HouseKeeping-B-prof1.xml"/>
                <profile url="file:etc/templates/anac/y2012/HouseKeeping/HouseKeeping-B-prof2.xml"/>
            </domainRepItem>
            <domainRepItem url="file:etc/templates/anac/y2012/HouseKeeping/HouseKeeping-C-domain.xml">
                <profile url="file:etc/templates/anac/y2012/HouseKeeping/HouseKeeping-C-prof1.xml"/>
                <profile url="file:etc/templates/anac/y2012/HouseKeeping/HouseKeeping-C-prof2.xml"/>
            </domainRepItem>
            <domainRepItem url="file:etc/templates/anac/y2012/ItexvsCypress/ItexvsCypress-A-domain.xml">
                <profile url="file:etc/templates/anac/y2012/ItexvsCypress/ItexvsCypress-A-prof1.xml"/>
                <profile url="file:etc/templates/anac/y2012/ItexvsCypress/ItexvsCypress-A-prof2.xml"/>
            </domainRepItem>
            <domainRepItem url="file:etc/templates/anac/y2012/ItexvsCypress/ItexvsCypress-B-domain.xml">
                <profile url="file:etc/templates/anac/y2012/ItexvsCypress/ItexvsCypress-B-prof1.xml"/>
                <profile url="file:etc/templates/anac/y2012/ItexvsCypress/ItexvsCypress-B-prof2.xml"/>
            </domainRepItem>
            <domainRepItem url="file:etc/templates/anac/y2012/ItexvsCypress/ItexvsCypress-C-domain.xml">
                <profile url="file:etc/templates/anac/y2012/ItexvsCypress/ItexvsCypress-C-prof1.xml"/>
                <profile url="file:etc/templates/anac/y2012/ItexvsCypress/ItexvsCypress-C-prof2.xml"/>
            </domainRepItem>
            <domainRepItem url="file:etc/templates/anac/y2012/Laptop/Laptop-A-domain.xml">
                <profile url="file:etc/templates/anac/y2012/Laptop/Laptop-A-prof1.xml"/>
                <profile url="file:etc/templates/anac/y2012/Laptop/Laptop-A-prof2.xml"/>
            </domainRepItem>
            <domainRepItem url="file:etc/templates/anac/y2012/Laptop/Laptop-B-domain.xml">
                <profile url="file:etc/templates/anac/y2012/Laptop/Laptop-B-prof1.xml"/>
                <profile url="file:etc/templates/anac/y2012/Laptop/Laptop-B-prof2.xml"/>
            </domainRepItem>
            <domainRepItem url="file:etc/templates/anac/y2012/Laptop/Laptop-C-domain.xml">
                <profile url="file:etc/templates/anac/y2012/Laptop/Laptop-C-prof1.xml"/>
                <profile url="file:etc/templates/anac/y2012/Laptop/Laptop-C-prof2.xml"/>
            </domainRepItem>
            <domainRepItem url="file:etc/templates/anac/y2012/MusicCollection/MusicCollection-A-domain.xml">
                <profile url="file:etc/templates/anac/y2012/MusicCollection/MusicCollection-A-prof1.xml"/>
                <profile url="file:etc/templates/anac/y2012/MusicCollection/MusicCollection-A-prof2.xml"/>
            </domainRepItem>
            <domainRepItem url="file:etc/templates/anac/y2012/MusicCollection/MusicCollection-B-domain.xml">
                <profile url="file:etc/templates/anac/y2012/MusicCollection/MusicCollection-B-prof1.xml"/>
                <profile url="file:etc/templates/anac/y2012/MusicCollection/MusicCollection-B-prof2.xml"/>
            </domainRepItem>
            <domainRepItem url="file:etc/templates/anac/y2012/MusicCollection/MusicCollection-C-domain.xml">
                <profile url="file:etc/templates/anac/y2012/MusicCollection/MusicCollection-C-prof1.xml"/>
                <profile url="file:etc/templates/anac/y2012/MusicCollection/MusicCollection-C-prof2.xml"/>
            </domainRepItem>
            <domainRepItem url="file:etc/templates/anac/y2012/NiceOrDie/NiceOrDie-A-domain.xml">
                <profile url="file:etc/templates/anac/y2012/NiceOrDie/NiceOrDie-A-prof1.xml"/>
                <profile url="file:etc/templates/anac/y2012/NiceOrDie/NiceOrDie-A-prof2.xml"/>
            </domainRepItem>
            <domainRepItem url="file:etc/templates/anac/y2012/NiceOrDie/NiceOrDie-B-domain.xml">
                <profile url="file:etc/templates/anac/y2012/NiceOrDie/NiceOrDie-B-prof1.xml"/>
                <profile url="file:etc/templates/anac/y2012/NiceOrDie/NiceOrDie-B-prof2.xml"/>
            </domainRepItem>
            <domainRepItem url="file:etc/templates/anac/y2012/NiceOrDie/NiceOrDie-C-domain.xml">
                <profile url="file:etc/templates/anac/y2012/NiceOrDie/NiceOrDie-C-prof1.xml"/>
                <profile url="file:etc/templates/anac/y2012/NiceOrDie/NiceOrDie-C-prof2.xml"/>
            </domainRepItem>
            <domainRepItem url="file:etc/templates/anac/y2012/Outfit/Outfit-A-domain.xml">
                <profile url="file:etc/templates/anac/y2012/Outfit/Outfit-A-prof1.xml"/>
                <profile url="file:etc/templates/anac/y2012/Outfit/Outfit-A-prof2.xml"/>
            </domainRepItem>
            <domainRepItem url="file:etc/templates/anac/y2012/Outfit/Outfit-B-domain.xml">
                <profile url="file:etc/templates/anac/y2012/Outfit/Outfit-B-prof1.xml"/>
                <profile url="file:etc/templates/anac/y2012/Outfit/Outfit-B-prof2.xml"/>
            </domainRepItem>
            <domainRepItem url="file:etc/templates/anac/y2012/Outfit/Outfit-C-domain.xml">
                <profile url="file:etc/templates/anac/y2012/Outfit/Outfit-C-prof1.xml"/>
                <profile url="file:etc/templates/anac/y2012/Outfit/Outfit-C-prof2.xml"/>
            </domainRepItem>
            <domainRepItem url="file:etc/templates/anac/y2012/Phone/Phone-A-domain.xml">
                <profile url="file:etc/templates/anac/y2012/Phone/Phone-A-prof1.xml"/>
                <profile url="file:etc/templates/anac/y2012/Phone/Phone-A-prof2.xml"/>
            </domainRepItem>
            <domainRepItem url="file:etc/templates/anac/y2012/Phone/Phone-B-domain.xml">
                <profile url="file:etc/templates/anac/y2012/Phone/Phone-B-prof1.xml"/>
                <profile url="file:etc/templates/anac/y2012/Phone/Phone-B-prof2.xml"/>
            </domainRepItem>
            <domainRepItem url="file:etc/templates/anac/y2012/Phone/Phone-C-domain.xml">
                <profile url="file:etc/templates/anac/y2012/Phone/Phone-C-prof1.xml"/>
                <profile url="file:etc/templates/anac/y2012/Phone/Phone-C-prof2.xml"/>
            </domainRepItem>
            <domainRepItem url="file:etc/templates/anac/y2012/RentalHouse/RentalHouse-A-domain.xml">
                <profile url="file:etc/templates/anac/y2012/RentalHouse/RentalHouse-A-prof1.xml"/>
                <profile url="file:etc/templates/anac/y2012/RentalHouse/RentalHouse-A-prof2.xml"/>
            </domainRepItem>
            <domainRepItem url="file:etc/templates/anac/y2012/RentalHouse/RentalHouse-B-domain.xml">
                <profile url="file:etc/templates/anac/y2012/RentalHouse/RentalHouse-B-prof1.xml"/>
                <profile url="file:etc/templates/anac/y2012/RentalHouse/RentalHouse-B-prof2.xml"/>
            </domainRepItem>
            <domainRepItem url="file:etc/templates/anac/y2012/RentalHouse/RentalHouse-C-domain.xml">
                <profile url="file:etc/templates/anac/y2012/RentalHouse/RentalHouse-C-prof1.xml"/>
                <profile url="file:etc/templates/anac/y2012/RentalHouse/RentalHouse-C-prof2.xml"/>
            </domainRepItem>
            <domainRepItem url="file:etc/templates/anac/y2012/Supermarket/Supermarket-A-domain.xml">
                <profile url="file:etc/templates/anac/y2012/Supermarket/Supermarket-A-prof1.xml"/>
                <profile url="file:etc/templates/anac/y2012/Supermarket/Supermarket-A-prof2.xml"/>
            </domainRepItem>
            <domainRepItem url="file:etc/templates/anac/y2012/Supermarket/Supermarket-B-domain.xml">
                <profile url="file:etc/templates/anac/y2012/Supermarket/Supermarket-B-prof1.xml"/>
                <profile url="file:etc/templates/anac/y2012/Supermarket/Supermarket-B-prof2.xml"/>
            </domainRepItem>
            <domainRepItem url="file:etc/templates/anac/y2012/Supermarket/Supermarket-C-domain.xml">
                <profile url="file:etc/templates/anac/y2012/Supermarket/Supermarket-C-prof1.xml"/>
                <profile url="file:etc/templates/anac/y2012/Supermarket/Supermarket-C-prof2.xml"/>
            </domainRepItem>
            <domainRepItem url="file:etc/templates/anac/y2012/Travel/Travel-A-domain.xml">
                <profile url="file:etc/templates/anac/y2012/Travel/Travel-A-prof1.xml"/>
                <profile url="file:etc/templates/anac/y2012/Travel/Travel-A-prof2.xml"/>
            </domainRepItem>
            <domainRepItem url="file:etc/templates/anac/y2012/Travel/Travel-B-domain.xml">
                <profile url="file:etc/templates/anac/y2012/Travel/Travel-B-prof1.xml"/>
                <profile url="file:etc/templates/anac/y2012/Travel/Travel-B-prof2.xml"/>
            </domainRepItem>
            <domainRepItem url="file:etc/templates/anac/y2012/Travel/Travel-C-domain.xml">
                <profile url="file:etc/templates/anac/y2012/Travel/Travel-C-prof1.xml"/>
                <profile url="file:etc/templates/anac/y2012/Travel/Travel-C-prof2.xml"/>
            </domainRepItem>
            <domainRepItem url="file:etc/templates/linear/IntegerDomain/IntegerDomain.xml">
                <profile url="file:etc/templates/linear/IntegerDomain/IntegerDomain-prof1.xml"/>
                <profile url="file:etc/templates/linear/IntegerDomain/IntegerDomain-prof2.xml"/>
            </domainRepItem>
            <domainRepItem url="file:etc/templates/thompson/thompson_employment.xml">
                <profile url="file:etc/templates/thompson/thompson_employer_utilityspace.xml"/>
                <profile url="file:etc/templates/thompson/thompson_employee_utilityspace.xml"/>
            </domainRepItem>
            <domainRepItem url="file:etc/templates/CarLinear/carlinear_domain.xml">
                <profile url="file:etc/templates/CarLinear/carlinear_buyer.xml"/>
                <profile url="file:etc/templates/CarLinear/carlinear_seller.xml"/>
            </domainRepItem>
            <domainRepItem url="file:etc/templates/test/test.xml">
                <profile url="file:etc/templates/test/testp1.xml"/>
            </domainRepItem>
        </domainRepItem>
        <protocolRepItem/>
    </items>
    <filename>domainrepository.xml</filename>
</repository>
